FirstName,Surname,PositionsList,Team,Cost,PointsLastRound,TotalPoints,AveragePoints,AveragePointsPerDollar,TotalPointsPerDollar,GameweekWeighting,TransfersOut,YellowCards,GoalsConceded,GoalsConcededPoints,Saves,SavesPoints,GoalsScored,GoalsScoredPoints,ValueSeason,TransfersOutRound,PriceRise,PriceFallRound,LastSeasonPoints,PriceFall,ValueForm,PenaltiesMissed,Form,Bonus,FanRating,CleanSheets,CleanSheetPoints,Assists,SelectedByPercent,TransfersIn,OwnGoals,EAIndex,PenaltiesSaved,DreamteamCount,MinutesPlayed,TransfersInRound,PriceRiseRound,RedCards,BPS,NextFixture1
Almen,Abdi,MID,WAT,5000000,0,0,0,0,0,0,202,0,0,0,0,0,0,0,0,0,0,0,0,0,0,0,0,0,0,0,0,0,0,110,0,250,0,0,0,0,0,0,0,
Charlie,Adam,MID,STK,4600000,0,59,0.531531532,1.16E-07,1.28E-05,0,54573,7,23,0,0,0,1,0,12.8,0,-4,0,59,4,0,0,0,5,0,6,0,4,0.3,60731,0,109,0,1,1491,0,0,0,218,
Albert,Adomah,MID,MID,5400000,0,3,1.5,2.78E-07,5.56E-07,0,10306,0,2,0,0,0,0,0,0.6,0,-1,0,3,1,0,0,0,0,0,0,0,0,0,883,0,0,0,0,122,0,0,0,6,
,Adrian,GLK,WHU,4600000,2,64,0.576576577,1.25E-07,1.39E-05,0,111420,1,25,0,53,0,0,0,13.9,0,-4,0,64,4,0,0,0,6,0,6,0,0,1.7,60355,0,356,0,0,1440,0,0,0,311,
Ibrahim,Afellay,MID,STK,5400000,0,15,1.3,2.41E-07,2.78E-06,0,1415,0,5,0,0,0,0,0,2.8,0,-1,0,15,1,0,0,0,0,0,0,0,0,0,1183,0,270,0,0,384,0,0,0,63,
Benik,Afobe,FWD,BOU,5300000,1,88,2.8,5.28E-07,1.66E-05,0,198000,1,24,0,0,0,6,0,16.6,0,-7,0,88,7,0,1,0,9,0,5,0,5,1.2,217579,0,146,0,1,1458,0,0,0,259,
Sergio,Aguero,FWD,MCI,12700000,16,175,5.6,4.41E-07,1.38E-05,0,3691225,4,30,0,0,0,20,0,13.8,0,-3,0,175,3,0,1,0,32,0,8,0,5,17.6,2641949,0,789,0,6,2404,0,0,1,640,
Daniel,Agyei,FWD,BUR,4500000,0,3,0.027027027,6.01E-09,6.67E-07,0,472,0,0,0,0,0,0,0,0.7,0,0,0,3,0,0,0,0,0,0,0,0,0,0,848,0,0,0,0,25,0,0,0,6,
Ola,Aina,DEF,CHE,4500000,0,3,0.027027027,6.01E-09,6.67E-07,0,4846,0,0,0,0,0,0,0,0.7,0,-5,0,3,5,0,0,0,0,0,0,0,0,0.1,707,0,0,0,0,26,0,0,0,9,
Nathan,Ake,DEF,CHE,3900000,0,55,0.495495495,1.27E-07,1.41E-05,0,504357,1,20,0,0,0,3,0,14.1,0,-6,0,55,6,0,0,0,8,0,3,0,1,6.1,662287,0,232,0,2,834,0,0,0,267,
Chuba,Akpom,FWD,ARS,5100000,0,0,0,0,0,0,8991,0,0,0,0,0,0,0,0,0,-4,0,0,4,0,0,0,0,0,0,0,0,0.1,1395,0,0,0,0,0,0,0,0,0,
Marc,Albrighton,MID,LEI,5000000,2,95,2.9,5.80E-07,1.90E-05,0,98080,5,47,0,0,0,2,0,19,0,-5,0,95,5,0,0,0,3,0,8,0,6,2.5,131785,0,519,0,0,2412,0,0,0,468,
Toby,Alderweireld,DEF,TOT,6400000,8,120,4,6.25E-07,1.88E-05,0,658121,1,17,0,0,0,1,0,18.8,0,-1,0,120,1,0,0,0,4,0,14,0,0,9.6,160957,0,598,0,0,2601,0,0,0,611,
Trent,Alexander-Arnold,MID,LIV,4300000,0,8,0.072072072,1.68E-08,1.86E-06,0,1947,0,2,0,0,0,0,0,1.9,0,-2,0,8,2,0,0,0,0,0,0,0,0,0,1988,0,0,0,0,167,0,0,0,32,
Joe,Allen,MID,STK,4900000,2,118,3.3,6.73E-07,2.41E-05,0,1158239,9,49,0,0,0,6,0,24.1,0,-1,0,118,1,0,0,0,10,0,10,0,3,6.4,1309096,0,132,0,1,2930,0,0,0,525,
Bamidele,Alli,MID,TOT,9100000,11,225,6.1,6.70E-07,2.47E-05,0,1086898,4,22,0,0,0,18,0,24.7,0,6,0,225,-6,0,0,0,17,0,17,0,11,32.3,1996300,0,666,0,4,3036,0,0,0,679,
Ryan,Allsop,GLK,BOU,4000000,3,3,0.027027027,6.76E-09,7.50E-07,0,1668,0,1,0,4,0,0,0,0.8,0,0,0,3,0,0,0,0,0,0,0,0,0,0.1,3634,0,0,0,0,90,0,0,0,17,
Marcos,Alonso,DEF,CHE,6900000,2,177,5.7,8.26E-07,2.57E-05,0,401236,2,19,0,0,0,6,0,25.7,0,9,0,177,-9,0,0,0,11,0,15,0,5,16,1016747,0,0,0,3,2693,0,0,0,675,
Daniel,Amartey,MID,LEI,4300000,1,53,2.2,5.12E-07,1.23E-05,0,27227,3,35,0,0,0,1,0,12.3,0,-2,0,53,2,0,0,0,3,0,4,0,1,0.2,28208,0,23,0,1,1673,0,0,0,262,
Jordi,Amat,DEF,SWA,3800000,0,21,1.2,3.16E-07,5.53E-06,0,513326,5,36,0,0,0,0,0,5.5,0,-2,0,21,2,0,0,0,0,0,2,0,0,7.4,439690,0,63,0,0,1409,0,0,0,237,
Nordin,Amrabat,MID,WAT,5000000,1,65,2.2,4.40E-07,1.30E-05,0,17333,4,51,0,0,0,0,0,13,0,0,0,65,0,0,0,0,5,0,4,0,3,0.1,16321,0,74,0,0,2091,0,0,0,263,
Keshi,Anderson,FWD,CRY,4500000,0,0,0,0,0,0,2564,0,0,0,0,0,0,0,0,0,0,0,0,0,0,0,0,0,0,0,0,0,0,1858,0,0,0,0,0,0,0,0,0,
,Angelino,DEF,MCI,4300000,0,0,0,0,0,0,2844,0,0,0,0,0,0,0,0,0,-2,0,0,2,0,0,0,0,0,0,0,0,0.1,987,0,0,0,0,0,0,0,0,0,
Victor,Anichebe,FWD,SUN,4300000,0,48,0.432432432,1.01E-07,1.12E-05,0,338402,2,21,0,0,0,3,0,11.2,0,-2,0,48,2,0,0,0,5,0,3,0,1,2.2,414309,0,0,0,1,1219,0,0,0,166,
Michail,Antonio,MID,WHU,6700000,0,132,4.6,6.87E-07,1.97E-05,0,1375903,4,43,0,0,0,9,0,19.7,0,-3,0,132,3,0,0,0,8,0,7,0,8,5.3,1367226,0,452,0,3,2433,0,0,1,410,
Ikechi,Anya,MID,WAT,4500000,0,1,1,2.22E-07,2.22E-07,0,6143,0,0,0,0,0,0,0,0.2,0,0,0,1,0,0,0,0,0,0,0,0,0,0,398,0,176,0,0,10,0,0,0,3,
Alvaro,Arbeloa,DEF,WHU,4500000,0,0,0,0,0,0,5936,3,9,0,0,0,0,0,0,0,-5,0,0,5,0,0,0,0,0,0,0,0,0.1,5625,0,0,0,0,258,0,0,0,34,
Scott,Arfield,MID,BUR,5200000,2,69,2.2,4.23E-07,1.33E-05,0,8214,3,36,0,0,0,1,0,13.3,0,-3,0,69,3,0,0,0,3,0,6,0,2,0.1,4813,0,0,0,1,2103,0,0,0,253,
Giedrius,Arlauskis,GLK,WAT,4000000,0,0,0,0,0,0,246,0,0,0,0,0,0,0,0,0,0,0,0,0,0,0,0,0,0,0,0,0,0,596,0,0,0,0,0,0,0,0,0,
Marko,Arnautovic,MID,STK,7100000,0,117,3.7,5.21E-07,1.65E-05,0,150112,9,43,0,0,0,6,0,16.5,0,-4,0,117,4,0,1,0,8,0,9,0,7,1,108677,0,528,0,3,2713,0,0,1,401,
Harry,Arter,MID,BOU,5000000,0,84,2.4,4.80E-07,1.68E-05,0,24970,11,62,0,0,0,1,0,16.8,0,0,0,84,0,0,1,0,6,0,9,0,4,0.3,26546,0,188,0,0,2956,0,0,1,513,
Takuma,Asano,FWD,ARS,4900000,0,0,0,0,0,0,4515,0,0,0,0,0,0,0,0,0,-1,0,0,1,0,0,0,0,0,0,0,0,0,687,0,0,0,0,0,0,0,0,0,
Joel,Asoro,MID,SUN,4400000,0,1,0.009009009,2.05E-09,2.27E-07,0,671,0,0,0,0,0,0,0,0.2,0,-1,0,1,1,0,0,0,0,0,0,0,0,0,572,0,0,0,0,10,0,0,0,3,
Charlie,Austin,FWD,SOU,6300000,2,62,4.1,6.51E-07,9.84E-06,0,901567,1,8,0,0,0,6,0,9.8,0,-2,0,62,2,0,0,0,10,0,6,0,1,1.8,871921,0,32,0,1,934,0,0,0,218,
Daniel,Ayala,DEF,MID,4700000,1,31,0.279279279,5.94E-08,6.60E-06,0,12781,3,16,0,0,0,1,0,6.6,0,-3,0,31,3,0,0,0,0,0,3,0,0,0.1,7741,0,0,0,0,918,0,0,0,174,
Andre,Ayew,MID,WHU,7100000,13,89,0.801801802,1.13E-07,1.25E-05,0,283937,1,25,0,0,0,6,0,12.5,0,-4,0,89,4,0,0,0,5,0,6,0,3,1,19372,0,524,0,1,1439,0,0,0,257,
Jordan,Ayew,FWD,SWA,5000000,8,39,0.351351351,7.03E-08,7.80E-06,0,13123,1,7,0,0,0,1,0,7.8,0,0,0,39,0,0,0,0,2,0,5,0,4,0.6,39594,0,0,0,0,867,0,0,0,122,
Cesar,Azpilicueta,DEF,CHE,6400000,2,170,4.5,7.03E-07,2.66E-05,0,621199,4,33,0,0,0,1,0,26.6,0,4,0,170,-4,0,0,0,22,0,16,0,5,18.1,822321,0,470,0,2,3420,0,0,0,872,
,Baba Rahman,DEF,CHE,5500000,0,0,0,0,0,0,1463,0,0,0,0,0,0,0,0,0,0,0,0,0,0,0,0,0,0,0,0,0,0,374,0,138,0,0,0,0,0,0,0,
Eric,Bailly,DEF,MUN,5500000,7,105,4.2,7.64E-07,1.91E-05,0,619970,4,15,0,0,0,0,0,19.1,0,0,0,105,0,0,0,0,14,0,13,0,0,8.3,419364,0,0,0,1,2058,0,0,0,542,
Leighton,Baines,DEF,EVE,5800000,3,135,4.2,7.24E-07,2.33E-05,0,763137,4,34,0,0,0,2,0,23.3,0,3,0,135,-3,0,1,0,15,0,11,0,5,11,862138,0,212,0,1,2819,0,0,0,647,
Mario,Balotelli,FWD,LIV,6300000,0,0,0,0,0,0,12103,0,0,0,0,0,0,0,0,0,-2,0,0,2,0,0,0,0,0,0,0,0,0.2,2168,0,0,0,0,0,0,0,0,0,
Patrick,Bamford,FWD,MID,4900000,2,21,0.189189189,3.86E-08,4.29E-06,0,6312,1,8,0,0,0,1,0,4.3,0,-1,0,21,1,0,0,0,2,0,0,0,0,0.1,8094,0,0,0,0,326,0,0,0,59,
Alex,Baptiste,DEF,MID,4000000,0,0,0,0,0,0,3743,0,0,0,0,0,0,0,0,0,0,0,0,0,0,0,0,0,0,0,0,0,0.1,2624,0,0,0,0,0,0,0,0,0,
Phil,Bardsley,DEF,STK,4200000,0,27,1.8,4.29E-07,6.43E-06,0,11939,4,17,0,0,0,0,0,6.4,0,-3,0,27,3,0,0,0,0,0,3,0,0,0.1,9225,0,107,0,0,1168,0,0,1,174,
Ross,Barkley,MID,EVE,7000000,2,144,4,5.71E-07,2.06E-05,0,840303,5,36,0,0,0,5,0,20.6,0,-5,0,144,5,0,0,0,11,0,12,0,11,6.6,716987,0,654,0,2,2900,0,0,0,534,
Ashley,Barnes,FWD,BUR,4600000,1,81,0.72972973,1.59E-07,1.76E-05,0,247238,6,27,0,0,0,6,0,17.6,0,1,0,81,-1,0,0,0,10,0,6,0,3,4.3,414165,0,0,0,2,1774,0,0,1,241,
Antonio,Barragan,DEF,MID,4300000,0,71,2.7,6.28E-07,1.65E-05,0,134790,5,32,0,0,0,0,0,16.5,0,-2,0,71,2,0,0,0,8,0,7,0,0,1,150805,0,0,0,0,2193,0,0,0,455,
Modou,Barrow,FWD,SWA,5000000,0,34,1.9,3.80E-07,6.80E-06,0,123234,1,23,0,0,0,0,0,6.8,0,0,0,34,0,0,0,0,0,0,4,0,2,0.6,111792,0,120,0,0,1145,0,0,0,136,
Gareth,Barry,MID,EVE,4300000,1,68,2.1,4.88E-07,1.58E-05,0,390558,10,28,0,0,0,2,0,15.8,0,-2,0,68,2,0,0,0,3,0,7,0,1,3.2,388396,0,418,0,0,2109,0,0,0,371,
Joey,Barton,MID,BUR,4100000,0,37,0.333333333,8.13E-08,9.02E-06,0,18956,4,16,0,0,0,1,0,9,0,-4,0,37,4,0,0,0,0,0,4,0,2,0.1,24189,0,0,0,0,1105,0,0,0,205,
Borja,Baston,FWD,SWA,6600000,0,32,0.288288288,4.37E-08,4.85E-06,0,10268,0,11,0,0,0,1,0,4.8,0,-4,0,32,4,0,0,0,1,0,1,0,2,0,6912,0,0,0,0,561,0,0,0,83,
Michy,Batshuayi,FWD,CHE,8400000,12,48,2.4,2.86E-07,5.71E-06,0,130984,0,3,0,0,0,5,0,5.7,0,-6,0,48,6,0,0,0,4,0,0,0,1,1.2,76666,0,0,0,0,254,0,0,0,169,
Daniel,Batty,MID,HUL,4500000,0,0,0,0,0,0,0,0,0,0,0,0,0,0,0,0,0,0,0,0,0,0,0,0,0,0,0,0,0,0,0,0,0,0,0,0,0,0,0,
Asmir,Begovic,GLK,CHE,4600000,0,2,0.018018018,3.92E-09,4.35E-07,0,7024,0,5,0,1,0,0,0,0.4,0,-4,0,2,4,0,0,0,0,0,0,0,0,0.2,3507,0,150,0,0,180,0,0,0,17,
Valon,Behrami,MID,WAT,4500000,2,48,1.8,4.00E-07,1.07E-05,0,17609,7,39,0,0,0,0,0,10.7,0,0,0,48,0,0,0,0,0,0,5,0,0,0.2,13015,0,127,0,0,2030,0,0,0,258,
Hector,Bellerin,DEF,ARS,6500000,8,119,3.6,5.54E-07,1.83E-05,0,1025895,4,34,0,0,0,1,0,18.3,0,0,0,119,0,0,0,0,12,0,10,0,5,13.9,403777,0,541,0,2,2503,0,0,0,569,
Yohan,Benalouane,DEF,LEI,4000000,0,27,0.243243243,6.08E-08,6.75E-06,0,16610,4,15,0,0,0,0,0,6.8,0,0,0,27,0,0,0,0,0,0,4,0,0,1,49109,0,15,0,0,917,0,0,0,156,
Nabil,Bentaleb,MID,TOT,4500000,0,0,0,0,0,0,4369,0,0,0,0,0,0,0,0,0,0,0,0,0,0,0,0,0,0,0,0,0,0,545,0,29,0,0,0,0,0,0,0,
Saido,Berahino,FWD,STK,6000000,0,26,0.234234234,3.90E-08,4.33E-06,0,66156,1,13,0,0,0,0,0,4.3,0,-5,0,26,5,0,0,0,0,0,4,0,0,0.5,35630,0,226,0,0,963,0,0,0,50,
Steven,Berghuis,MID,WAT,5000000,0,0,0,0,0,0,96,0,0,0,0,0,0,0,0,0,0,0,0,0,0,0,0,0,0,0,0,0,0,48,0,55,0,0,0,0,0,0,0,
,Bernardo,DEF,MID,4200000,0,35,0.315315315,7.51E-08,8.33E-06,0,7464,2,13,0,0,0,0,0,8.3,0,-3,0,35,3,0,0,0,3,0,4,0,0,0.1,10310,0,0,0,0,975,0,0,0,198,
Ryan,Bertrand,DEF,SOU,5600000,2,123,4.4,7.86E-07,2.20E-05,0,155465,3,36,0,0,0,2,0,22,0,1,0,123,-1,0,0,0,9,0,12,0,5,3.9,278302,0,415,0,2,2507,0,0,0,575,
Muhamed,Besic,MID,EVE,4300000,0,0,0,0,0,0,1586,0,0,0,0,0,0,0,0,0,-2,0,0,2,0,0,0,0,0,0,0,0,0,1121,0,75,0,0,0,0,0,0,0,
Daley,Blind,DEF,MUN,5200000,0,98,4.3,8.27E-07,1.88E-05,0,495245,2,17,0,0,0,1,0,18.8,0,-3,0,98,3,0,0,0,14,0,9,0,2,4.7,520834,0,477,0,2,1830,0,0,0,525,
Hiram,Boateng,MID,CRY,4500000,0,0,0,0,0,0,714,0,0,0,0,0,0,0,0,0,0,0,0,0,0,0,0,0,0,0,0,0,0,575,0,0,0,0,0,0,0,0,0,
,Bojan,MID,STK,5500000,0,30,3.3,6.00E-07,5.45E-06,0,110043,1,12,0,0,0,3,0,5.5,0,-5,0,30,5,0,1,0,4,0,0,0,0,0.7,46643,0,360,0,0,475,0,0,0,93,
Yannick,Bolasie,MID,EVE,5600000,0,45,3.2,5.71E-07,8.04E-06,0,420994,3,14,0,0,0,1,0,8,0,-4,0,45,4,0,0,0,3,0,3,0,4,1.7,293045,0,469,0,0,1048,0,0,0,172,
Wilfried,Bony,FWD,STK,6900000,0,29,0.261261261,3.79E-08,4.20E-06,0,131699,1,12,0,0,0,2,0,4.2,0,-6,0,29,6,0,0,0,3,0,3,0,0,0.6,113833,0,249,0,1,684,0,0,0,92,
Fabio,Borini,FWD,SUN,5100000,2,49,2,3.92E-07,9.61E-06,0,90177,5,34,0,0,0,2,0,9.6,0,-4,0,49,4,0,0,0,3,0,5,0,0,0.6,34881,0,280,0,0,1742,0,0,0,177,
Cameron,Borthwick-Jackson,DEF,MUN,4400000,0,0,0,0,0,0,3079,0,0,0,0,0,0,0,0,0,-1,0,0,1,0,0,0,0,0,0,0,0,0,142,0,123,0,0,0,0,0,0,0,
Artur,Boruc,GLK,BOU,4500000,0,120,3.4,7.56E-07,2.67E-05,0,282288,2,63,0,115,0,0,0,26.7,0,0,0,120,0,0,0,0,7,0,9,0,0,6.2,315307,0,281,2,2,3150,0,0,0,657,
Sofiane,Boufal,MID,SOU,6700000,0,40,0.36036036,5.38E-08,5.97E-06,0,13185,5,22,0,0,0,1,0,6,0,-3,0,40,3,0,0,0,1,0,3,0,1,0.1,13523,0,0,0,0,1104,0,0,0,160,
Jarrod,Bowen,FWD,HUL,4500000,2,8,0.072072072,1.60E-08,1.78E-06,0,5512,0,8,0,0,0,0,0,1.8,0,0,0,8,0,0,0,0,0,0,0,0,0,0.1,6158,0,0,0,0,181,0,0,0,21,
George,Boyd,MID,BUR,5100000,0,92,2.6,5.10E-07,1.80E-05,0,16541,3,45,0,0,0,2,0,18,0,-4,0,92,4,0,0,0,2,0,9,0,2,0.2,14561,0,0,0,0,2837,0,0,0,386,
Robbie,Brady,MID,BUR,5500000,2,39,0.351351351,6.39E-08,7.09E-06,0,24253,1,11,0,0,0,1,0,7.1,0,0,0,39,0,0,0,0,4,0,1,0,3,0.2,32971,0,0,0,0,719,0,0,0,143,
Cameron,Brannagan,MID,LIV,4200000,0,0,0,0,0,0,3798,0,0,0,0,0,0,0,0,0,-3,0,0,3,0,0,0,0,0,0,0,0,0.1,2852,0,27,0,0,0,0,0,0,0,
Claudio,Bravo,GLK,MCI,5000000,0,73,3.3,6.60E-07,1.46E-05,0,126047,0,26,0,33,0,0,0,14.6,0,-5,0,73,5,0,0,0,3,0,6,0,0,1.2,126740,0,0,1,1,1968,0,0,0,366,
Rhian,Brewster,FWD,LIV,4500000,0,0,0,0,0,0,116,0,0,0,0,0,0,0,0,0,0,0,0,0,0,0,0,0,0,0,0,0,0,406,0,0,0,0,0,0,0,0,0,
Miguel,Britos,DEF,WAT,4200000,0,71,2.6,6.19E-07,1.69E-05,0,78301,6,36,0,0,0,1,0,16.9,0,-3,0,71,3,0,0,0,8,0,6,0,2,0.7,99068,0,205,0,2,2280,0,0,2,413,
Leon,Britton,MID,SWA,4400000,2,32,0.288288288,6.55E-08,7.27E-06,0,4128,3,24,0,0,0,0,0,7.3,0,-1,0,32,1,0,0,0,0,0,5,0,0,0.1,2104,0,166,0,0,1163,0,0,0,200,
Marcus,Browne,MID,WHU,4500000,0,0,0,0,0,0,101,0,0,0,0,0,0,0,0,0,0,0,0,0,0,0,0,0,0,0,0,0,0,113,0,0,0,0,0,0,0,0,0,
Tyias,Browning,DEF,EVE,3900000,0,0,0,0,0,0,122981,0,0,0,0,0,0,0,0,0,-1,0,0,1,0,0,0,0,0,0,0,0,2,136601,0,22,0,0,0,0,0,0,0,
Alex,Bruce,DEF,HUL,4000000,0,0,0,0,0,0,7466,0,0,0,0,0,0,0,0,0,0,0,0,0,0,0,0,0,0,0,0,0,0.1,4750,0,0,0,0,0,0,0,0,0,
Chris,Brunt,DEF,WBA,4800000,1,99,0.891891892,1.86E-07,2.06E-05,0,176009,5,37,0,0,0,3,0,20.6,0,-2,0,99,2,0,0,0,11,0,4,0,4,2.3,259739,0,230,0,2,2477,0,0,0,462,
Reece,Burke,DEF,WHU,4000000,0,0,0,0,0,0,2735,0,0,0,0,0,0,0,0,0,0,0,0,0,0,0,0,0,0,0,0,0,0,2499,0,0,0,0,0,0,0,0,0,
Jack,Butland,GLK,STK,4500000,10,20,0.18018018,4.00E-08,4.44E-06,0,149322,0,8,0,17,0,0,0,4.4,0,-5,0,20,5,0,0,0,2,0,2,0,0,0.9,11577,0,341,0,1,450,0,0,0,104,
Sam,Byram,DEF,WHU,4200000,2,29,0.261261261,6.22E-08,6.90E-06,0,35188,5,27,0,0,0,0,0,6.9,0,-3,0,29,3,0,0,0,2,0,3,0,1,0.3,18111,0,39,0,0,1249,0,0,1,198,
Willy,Caballero,GLK,MCI,4800000,6,64,0.576576577,1.20E-07,1.33E-05,0,56052,0,13,0,31,0,0,0,13.3,0,-2,0,64,2,0,0,0,1,0,6,0,0,3.8,200925,0,45,1,0,1452,0,0,0,295,
Yohan,Cabaye,MID,CRY,5600000,0,91,2.8,5.00E-07,1.63E-05,0,162568,7,41,0,0,0,4,0,16.3,0,-4,0,91,4,0,1,0,6,0,7,0,4,1.1,56757,0,397,0,1,2125,0,0,0,411,
Martin,Caceres,DEF,SOU,5000000,0,2,0.018018018,3.60E-09,4.00E-07,0,300,0,1,0,0,0,0,0,0.4,0,0,0,2,0,0,0,0,0,0,0,0,0,0,552,0,0,0,0,90,0,0,0,16,
Gary,Cahill,DEF,CHE,6700000,6,178,4.8,7.16E-07,2.66E-05,0,383949,5,29,0,0,0,6,0,26.6,0,7,0,178,-7,0,0,0,15,0,17,0,0,15.3,727985,1,283,0,3,3296,0,0,0,778,
Jonathan,Calleri,FWD,WHU,6600000,0,23,1.4,2.12E-07,3.48E-06,0,3752,0,4,0,0,0,1,0,3.5,0,-4,0,23,4,0,0,0,0,0,3,0,0,0.1,3790,0,0,0,0,540,0,0,0,47,
,Callum Wilson,FWD,BOU,6000000,0,63,3.1,5.17E-07,1.05E-05,0,426076,0,25,0,0,0,6,0,10.5,0,-5,0,63,5,0,0,0,2,0,6,0,1,1.1,355011,0,165,0,0,1361,0,0,0,170,
Dominic,Calvert-Lewin,FWD,EVE,4500000,0,17,0.153153153,3.40E-08,3.78E-06,0,5041,1,7,0,0,0,1,0,3.8,0,0,0,17,0,0,0,0,1,0,0,0,0,0.1,6866,0,0,0,0,347,0,0,0,46,
Geoff,Cameron,DEF,STK,4200000,12,58,0.522522523,1.24E-07,1.38E-05,0,30942,1,25,0,0,0,0,0,13.8,0,-3,0,58,3,0,0,0,5,0,6,0,1,0.4,30947,0,293,0,1,1629,0,0,0,340,
Fraizer,Campbell,FWD,CRY,4400000,1,16,0.144144144,3.28E-08,3.64E-06,0,85979,0,4,0,0,0,1,0,3.6,0,-1,0,16,1,0,0,0,0,0,0,0,0,1,90018,0,12,0,0,165,0,0,0,56,
Joel,Campbell,MID,ARS,5900000,0,0,0,0,0,0,5171,0,0,0,0,0,0,0,0,0,-1,0,0,1,0,0,0,0,0,0,0,0,0,563,0,175,0,0,0,0,0,0,0,
Emre,Can,MID,LIV,4800000,3,104,3.3,6.88E-07,2.17E-05,0,218450,6,28,0,0,0,5,0,21.7,0,-2,0,104,2,0,0,0,12,0,9,0,2,3,269132,0,399,0,2,2371,0,0,0,436,
Etienne,Capoue,MID,WAT,4500000,2,131,3.5,7.78E-07,2.91E-05,0,1732884,5,60,0,0,0,7,0,29.1,0,0,0,131,0,0,0,0,14,0,7,0,2,22.9,2388057,0,347,0,3,3204,0,0,0,544,
Baily,Cargill,DEF,BOU,4000000,0,1,0.009009009,2.25E-09,2.50E-07,0,771,0,0,0,0,0,0,0,0.3,0,0,0,1,0,0,0,0,0,0,0,0,0,0,1544,0,0,0,0,13,0,0,0,5,
Michael,Carrick,MID,MUN,4200000,0,42,0.378378378,9.01E-08,1.00E-05,0,140961,2,14,0,0,0,0,0,10,0,-3,0,42,3,0,0,0,0,0,5,0,0,1.7,153023,0,275,0,0,1601,0,0,0,297,
Andy,Carroll,FWD,WHU,5900000,0,69,3.8,6.44E-07,1.17E-05,0,702853,3,27,0,0,0,7,0,11.7,0,-6,0,69,6,0,0,0,6,0,3,0,2,2,487132,0,381,0,1,1312,0,0,0,256,
Tom,Carroll,MID,SWA,4100000,2,52,0.468468468,1.14E-07,1.27E-05,0,71939,1,18,0,0,0,1,0,12.7,0,-4,0,52,4,0,0,0,4,0,5,0,2,2.6,171884,0,93,0,0,1389,0,0,0,243,
Cameron,Carter-Vickers,DEF,TOT,4300000,0,0,0,0,0,0,2095,0,0,0,0,0,0,0,0,0,-2,0,0,2,0,0,0,0,0,0,0,0,0,1019,0,0,0,0,0,0,0,0,0,
Craig,Cathcart,DEF,WAT,4300000,0,31,2.1,4.88E-07,7.21E-06,0,27901,3,21,0,0,0,0,0,7.2,0,-2,0,31,2,0,0,0,3,0,2,0,1,0.2,15550,0,335,0,1,1162,0,0,0,183,
Lee,Cattermole,MID,SUN,4200000,2,12,0.108108108,2.57E-08,2.86E-06,0,7057,4,13,0,0,0,0,0,2.9,0,-3,0,12,3,0,0,0,0,0,0,0,0,0.1,3493,0,246,0,0,633,0,0,0,63,
Santiago,Cazorla,MID,ARS,7000000,0,38,4.8,6.86E-07,5.43E-06,0,373681,2,5,0,0,0,2,0,5.4,0,-5,0,38,5,0,0,0,5,0,4,0,2,1.4,330242,0,259,0,0,618,0,0,0,159,
Petr,Cech,GLK,ARS,5400000,4,134,3.8,7.04E-07,2.48E-05,0,590727,2,37,0,115,0,0,0,24.8,0,-1,0,134,1,0,0,0,2,0,12,0,0,13.7,432837,1,409,0,0,3097,0,0,0,660,
,Cedric,DEF,SOU,4900000,2,102,3.4,6.94E-07,2.08E-05,0,186986,7,36,0,0,0,0,0,20.8,0,-1,0,102,1,0,0,0,11,0,11,0,3,2.7,248138,0,320,0,1,2515,0,0,0,584,
Nacer,Chadli,MID,WBA,5800000,0,110,0.990990991,1.71E-07,1.90E-05,0,346631,2,32,0,0,0,5,0,19,0,-7,0,110,7,0,0,0,8,0,6,0,6,1.4,370855,0,173,0,2,2135,0,0,0,359,
Nathaniel,Chalobah,MID,CHE,4500000,0,12,0.108108108,2.40E-08,2.67E-06,0,1020,2,3,0,0,0,0,0,2.7,0,0,0,12,0,0,0,0,0,0,0,0,1,0,1268,0,0,0,0,167,0,0,0,54,
,Chamberlain,MID,ARS,5800000,0,83,0.747747748,1.29E-07,1.43E-05,0,188872,1,22,0,0,0,2,0,14.3,0,-2,0,83,2,0,0,0,3,0,4,0,7,1.4,161030,0,186,0,1,1564,0,0,0,393,
Calum,Chambers,DEF,MID,4300000,1,83,3.3,7.67E-07,1.93E-05,0,321291,4,37,0,0,0,2,0,19.3,0,-2,0,83,2,0,0,0,7,0,7,0,1,3.4,314186,0,70,0,0,2250,0,0,0,499,
James,Chester,DEF,WBA,4500000,0,0,0,0,0,0,4676,0,0,0,0,0,0,0,0,0,0,0,0,0,0,0,0,0,0,0,0,0,0,207,0,85,0,0,0,0,0,0,0,
Benjamin,Chilwell,DEF,LEI,4300000,1,19,0.171171171,3.98E-08,4.42E-06,0,9478,2,18,0,0,0,1,0,4.4,0,-2,0,19,2,0,0,0,0,0,1,0,0,0.2,6243,0,0,0,0,699,0,0,0,136,
Pedro,Chirivella,MID,LIV,4200000,0,0,0,0,0,0,3715,0,0,0,0,0,0,0,0,0,-3,0,0,3,0,0,0,0,0,0,0,0,0.1,3066,0,2,0,0,0,0,0,0,0,
,Christian Benteke,FWD,CRY,7200000,2,136,3.8,5.28E-07,1.89E-05,0,1206883,10,58,0,0,0,15,0,18.9,0,-3,0,136,3,0,2,0,13,0,7,0,2,9.5,1480078,0,315,0,3,3131,0,0,0,382,
Josh,Clackstone,DEF,HUL,4000000,0,0,0,0,0,0,5947,0,0,0,0,0,0,0,0,0,0,0,0,0,0,0,0,0,0,0,0,0,0.1,6739,0,0,0,0,0,0,0,0,0,
Jordy,Clasie,MID,SOU,4600000,0,38,0.342342342,7.44E-08,8.26E-06,0,5616,3,15,0,0,0,1,0,8.3,0,-4,0,38,4,0,0,0,3,0,2,0,1,0.1,4187,0,183,0,1,1022,0,0,0,157,
Adam,Clayton,MID,MID,4300000,2,70,2.1,4.88E-07,1.63E-05,0,70261,10,45,0,0,0,0,0,16.3,0,-2,0,70,2,0,0,0,0,0,10,0,2,0.8,81084,0,0,0,0,2804,0,0,0,427,
Tom,Cleverley,MID,WAT,5100000,2,55,2,3.92E-07,1.08E-05,0,11927,4,40,0,0,0,0,0,10.8,0,-4,0,55,4,0,0,0,0,0,3,0,3,0.1,5932,0,241,0,0,1848,0,0,0,294,
Gael,Clichy,DEF,MCI,5200000,6,87,3.5,6.73E-07,1.67E-05,0,73287,2,24,0,0,0,1,0,16.7,0,-3,0,87,3,0,0,0,9,0,8,0,0,1.9,79273,0,166,0,2,2123,0,0,0,493,
Sam,Clucas,MID,HUL,4700000,7,87,2.4,5.11E-07,1.85E-05,0,11584,9,75,0,0,0,3,0,18.5,0,-3,0,87,3,0,0,0,4,0,5,0,1,0.2,14743,0,0,0,0,3186,0,0,1,509,
Nathaniel,Clyne,DEF,LIV,5900000,6,129,3.5,5.93E-07,2.19E-05,0,567033,0,41,0,0,0,0,0,21.9,0,4,0,129,-4,0,0,0,13,0,12,0,2,10.3,556515,0,387,0,1,3323,0,0,0,735,
Seamus,Coleman,DEF,EVE,5600000,0,133,5.1,9.11E-07,2.38E-05,0,957930,3,28,0,0,0,4,0,23.8,0,1,0,133,-1,0,0,0,15,0,10,0,4,4,946206,0,327,0,4,2316,0,0,0,548,
James,Collins,DEF,WHU,4200000,1,69,0.621621622,1.48E-07,1.64E-05,0,378537,3,29,0,0,0,2,0,16.4,0,-3,0,69,3,0,0,0,7,0,6,0,0,4.5,399814,0,217,0,2,1655,0,0,0,364,
Francis,Coquelin,MID,ARS,4200000,1,52,0.468468468,1.12E-07,1.24E-05,0,182857,5,27,0,0,0,0,0,12.4,0,-3,0,52,3,0,0,0,1,0,5,0,1,1.9,156345,0,246,0,0,1779,0,0,0,303,
Jack,Cork,MID,SWA,4600000,0,50,1.7,3.70E-07,1.09E-05,0,4881,7,51,0,0,0,0,0,10.9,0,-4,0,50,4,0,0,0,0,0,3,0,1,0.1,2052,2,376,0,0,2232,0,0,0,348,
,Costa,FWD,CHE,10400000,4,196,5.6,5.38E-07,1.88E-05,0,3154341,10,30,0,0,0,20,0,18.8,0,9,0,196,-9,0,1,0,25,0,14,0,11,32.2,4044050,0,533,0,4,3083,0,0,0,657,
Thibaut,Courtois,GLK,CHE,5900000,2,141,3.9,6.61E-07,2.39E-05,0,449656,1,28,0,69,0,0,0,23.9,0,4,0,141,-4,0,0,0,0,0,16,0,0,14.1,530550,0,230,0,1,3240,0,0,0,623,
Philippe,Coutinho,MID,LIV,8700000,10,171,1.540540541,1.77E-07,1.97E-05,0,2787094,2,27,0,0,0,13,0,19.7,0,7,0,171,-7,0,0,0,21,0,8,0,8,26,3013199,0,459,0,4,2228,0,0,0,631,
Aaron,Cresswell,DEF,WHU,5100000,2,60,2.3,4.51E-07,1.18E-05,0,39280,2,35,0,0,0,0,0,11.8,0,-4,0,60,4,0,0,0,1,0,5,0,2,0.3,35126,0,514,0,0,2115,0,0,1,334,
Peter,Crouch,FWD,STK,4400000,7,79,2.9,6.59E-07,1.80E-05,0,365345,3,23,0,0,0,7,0,18,0,-6,0,79,6,0,0,0,7,0,4,0,3,3.4,458215,0,47,0,2,1343,0,0,0,262,
Juan,Cuadrado,MID,CHE,6900000,0,0,0,0,0,0,54196,0,0,0,0,0,0,0,0,0,-1,0,0,1,0,0,0,0,0,0,0,0,0.5,786,0,8,0,0,0,0,0,0,0,
Josh,Cullen,MID,WHU,4300000,0,0,0,0,0,0,4884,0,0,0,0,0,0,0,0,0,-2,0,0,2,0,0,0,0,0,0,0,0,0.1,1274,0,0,0,0,0,0,0,0,0,
Charlie,Daniels,DEF,BOU,5200000,2,134,3.9,7.50E-07,2.58E-05,0,648348,1,53,0,0,0,4,0,25.8,0,2,0,134,-2,0,0,0,14,0,10,0,3,9.9,869600,0,491,0,5,3060,0,0,0,692,
Scott,Dann,DEF,CRY,5100000,0,61,0.54954955,1.08E-07,1.20E-05,0,306163,2,36,0,0,0,3,0,12,0,-4,0,61,4,0,0,0,4,0,2,0,1,2.1,110417,0,480,0,2,1752,0,0,0,310,
Tendayi,Darikwa,DEF,BUR,4200000,0,0,0,0,0,0,2416,0,0,0,0,0,0,0,0,0,-3,0,0,3,0,0,0,0,0,0,0,0,0.1,1238,0,0,0,0,0,0,0,0,0,
Matteo,Darmian,DEF,MUN,5000000,0,70,0.630630631,1.26E-07,1.40E-05,0,92095,3,8,0,0,0,0,0,14,0,-5,0,70,5,0,0,0,6,0,9,0,0,1,57630,0,257,0,1,1333,0,0,0,319,
,David Luiz,DEF,CHE,6200000,2,132,4,6.45E-07,2.13E-05,0,206703,6,26,0,0,0,1,0,21.3,0,2,0,132,-2,0,0,0,10,0,15,0,1,5,346142,0,0,0,1,2954,0,0,0,675,
Ben,Davies,DEF,TOT,5000000,8,90,3.9,7.80E-07,1.80E-05,0,59417,1,13,0,0,0,1,0,18,0,0,0,90,0,0,0,0,5,0,8,0,3,5.2,275625,0,192,0,0,1739,0,0,0,443,
Curtis,Davies,DEF,HUL,4900000,0,38,1.5,3.06E-07,7.76E-06,0,111044,4,53,0,0,0,0,0,7.8,0,-1,0,38,1,0,0,0,3,0,1,0,2,1.3,100208,1,0,0,1,2135,0,0,0,368,
Tom,Davies,MID,EVE,4400000,1,63,0.567567568,1.29E-07,1.43E-05,0,121560,4,17,0,0,0,2,0,14.3,0,-1,0,63,1,0,0,0,0,0,8,0,3,2.3,219111,0,0,0,0,1544,0,0,0,248,
Steven,Davis,MID,SOU,5100000,2,77,2.4,4.71E-07,1.51E-05,0,41871,3,37,0,0,0,0,0,15.1,0,-4,0,77,4,0,0,0,0,0,10,0,3,0.5,9571,0,535,0,0,2643,0,0,0,450,
Craig,Dawson,DEF,WBA,4900000,1,102,2.8,5.71E-07,2.08E-05,0,105636,10,50,0,0,0,4,0,20.8,0,-1,0,102,1,0,0,0,6,0,6,0,0,2.5,99611,0,433,0,1,3276,0,0,0,500,
Michael,Dawson,DEF,HUL,4200000,-1,46,2.1,5.00E-07,1.10E-05,0,55903,4,44,0,0,0,3,0,11,0,-3,0,46,3,0,0,0,4,0,1,0,0,0.5,69678,1,0,0,2,1722,0,0,0,311,
Kevin,De Bruyne,MID,MCI,10500000,9,199,5.5,5.24E-07,1.90E-05,0,1264140,4,34,0,0,0,6,0,19,0,0,0,199,0,0,1,0,33,0,11,0,21,10.4,1369908,0,546,0,5,2877,0,0,0,825,
David,de Gea,GLK,MUN,5500000,0,136,3.9,7.09E-07,2.47E-05,0,1029405,2,29,0,74,0,0,0,24.7,0,0,0,136,0,0,0,0,5,0,14,0,0,33.2,583759,0,368,0,2,3150,0,0,0,575,
Ritchie,de Laet,DEF,LEI,4400000,0,0,0,0,0,0,6016,0,0,0,0,0,0,0,0,0,-1,0,0,1,0,0,0,0,0,0,0,0,0.1,311,0,129,0,0,0,0,0,0,0,
Carlos,De Pena,MID,MID,4200000,0,0,0,0,0,0,16085,0,0,0,0,0,0,0,0,0,-3,0,0,3,0,0,0,0,0,0,0,0,0.2,15586,0,0,0,0,0,0,0,0,0,
Marten,de Roon,MID,MID,4300000,0,91,2.8,6.51E-07,2.12E-05,0,156893,8,44,0,0,0,4,0,21.2,0,-2,0,91,2,0,0,0,5,0,8,0,1,1.8,220485,0,0,0,2,2773,0,0,0,399,
Julien,de Sart,MID,MID,4300000,0,0,0,0,0,0,3496,0,0,0,0,0,0,0,0,0,-2,0,0,2,0,0,0,0,0,0,0,0,0,2427,0,0,0,0,0,0,0,0,0,
Zachary,Dearnley,MID,MUN,4500000,0,0,0,0,0,0,3,0,0,0,0,0,0,0,0,0,0,0,0,0,0,0,0,0,0,0,0,0,0,66,0,0,0,0,0,0,0,0,0,
Mathieu,Debuchy,DEF,ARS,4600000,0,1,0.009009009,1.96E-09,2.17E-07,0,10701,0,0,0,0,0,0,0,0.2,0,-4,0,1,4,0,0,0,0,0,0,0,0,0.2,2211,0,11,0,0,15,0,0,0,2,
Troy,Deeney,FWD,WAT,6600000,1,130,3.5,5.30E-07,1.97E-05,0,814246,7,52,0,0,0,10,0,19.7,0,-4,0,130,4,0,0,0,18,0,6,0,4,4.8,813559,1,629,0,2,2944,0,0,0,441,
Jermain,Defoe,FWD,SUN,7400000,0,166,4.5,6.08E-07,2.24E-05,0,1925947,1,63,0,0,0,15,0,22.4,0,4,0,166,-4,0,0,0,24,0,6,0,3,16.1,2275476,0,595,0,6,3322,0,0,0,529,
Steven,Defour,MID,BUR,5600000,1,54,0.486486486,8.69E-08,9.64E-06,0,31417,1,13,0,0,0,1,0,9.6,0,-4,0,54,4,0,0,0,6,0,5,0,3,0.2,30928,0,0,0,0,1068,0,0,0,245,
Damien,Delaney,DEF,CRY,4800000,0,51,1.7,3.54E-07,1.06E-05,0,39134,8,39,0,0,0,0,0,10.6,0,-2,0,51,2,0,0,0,3,0,3,0,2,0.5,15220,0,366,0,1,2014,0,0,0,344,
Fabian,Delph,MID,MCI,4700000,0,13,0.117117117,2.49E-08,2.77E-06,0,7989,1,4,0,0,0,1,0,2.8,0,-3,0,13,3,0,0,0,0,0,0,0,0,0.1,3083,0,156,0,0,224,0,0,0,62,
Mousa,Dembele,MID,TOT,5400000,1,76,0.684684685,1.27E-07,1.41E-05,0,34419,5,17,0,0,0,1,0,14.1,0,-1,0,76,1,0,0,0,6,0,11,0,2,0.5,42432,0,473,0,0,2056,0,0,0,456,
Jason,Denayer,DEF,SUN,4700000,0,56,2.3,4.89E-07,1.19E-05,0,4666,2,30,0,0,0,0,0,11.9,0,-3,0,56,3,0,0,0,2,0,6,0,0,0.1,2647,1,0,0,0,1878,0,0,0,320,
Memphis,Depay,MID,MUN,7100000,0,3,0.8,1.13E-07,4.23E-07,0,7914,1,1,0,0,0,0,0,0.4,0,-4,0,3,4,0,0,0,0,0,0,0,0,0.2,1125,0,259,0,0,24,0,0,0,6,
Gerard,Deulofeu,MID,EVE,5900000,0,13,1.2,2.03E-07,2.20E-06,0,133511,1,6,0,0,0,0,0,2.2,0,-6,0,13,6,0,0,0,0,0,0,0,0,0.8,19211,0,283,0,0,460,0,0,0,53,
Mohamed,Diame,MID,HUL,5500000,0,0,0,0,0,0,892,0,0,0,0,0,0,0,0,0,0,0,0,0,0,0,0,0,0,0,0,0,0,313,0,0,0,0,0,0,0,0,0,
Eric,Dier,MID,TOT,5000000,2,93,2.6,5.20E-07,1.86E-05,0,424578,6,24,0,0,0,2,0,18.6,0,-5,0,93,5,0,0,0,4,0,16,0,0,5.1,96830,0,526,0,1,3043,0,0,0,505,
Adama,Diomande,FWD,HUL,4300000,0,42,1.9,4.42E-07,9.77E-06,0,524303,1,29,0,0,0,2,0,9.8,0,-2,0,42,2,0,0,0,2,0,2,0,0,3.6,545903,0,0,0,0,1171,0,0,0,127,
Mame Biram,Diouf,FWD,STK,5700000,2,51,1.9,3.33E-07,8.95E-06,0,36207,3,26,0,0,0,1,0,8.9,0,-3,0,51,3,0,0,0,2,0,5,0,2,0.3,19376,0,245,0,0,1385,0,0,0,190,
Brice,Dja Djedje,DEF,WAT,4400000,0,0,0,0,0,0,1190,0,0,0,0,0,0,0,0,0,-1,0,0,1,0,0,0,0,0,0,0,0,0,123,0,0,0,0,0,0,0,0,0,
Papy,Djilobodji,DEF,SUN,4200000,0,24,0.216216216,5.15E-08,5.71E-06,0,17507,4,35,0,0,0,0,0,5.7,0,-3,0,24,3,0,0,0,0,0,2,0,0,0.2,12283,0,0,0,0,1577,0,0,1,281,
Abdoulaye,Doucoure,MID,WAT,4600000,1,38,0.342342342,7.44E-08,8.26E-06,0,1308,4,32,0,0,0,1,0,8.3,0,-4,0,38,4,0,0,0,0,0,4,0,0,0,821,0,0,0,0,1352,0,0,0,226,
Stewart,Downing,MID,MID,4800000,2,77,2.6,5.42E-07,1.60E-05,0,63686,1,39,0,0,0,1,0,16,0,-7,0,77,7,0,0,0,3,0,7,0,3,0.4,32596,0,0,0,0,2214,0,0,0,364,
Luke,Dreher,MID,CRY,4400000,0,0,0,0,0,0,282,0,0,0,0,0,0,0,0,0,-1,0,0,1,0,0,0,0,0,0,0,0,0,414,0,0,0,0,0,0,0,0,0,
Daniel,Drinkwater,MID,LEI,5300000,0,69,2.4,4.53E-07,1.30E-05,0,334990,6,44,0,0,0,1,0,13,0,-2,0,69,2,0,0,0,3,0,8,0,1,3.6,88489,0,592,0,0,2466,0,0,0,384,
Nathan,Dyer,MID,SWA,4700000,0,12,1.5,3.19E-07,2.55E-06,0,7883,0,11,0,0,0,0,0,2.6,0,-3,0,12,3,0,0,0,0,0,0,0,1,0.1,1878,0,64,0,0,214,0,0,0,47,
,Eduardo,GLK,CHE,4500000,0,0,0,0,0,0,29,0,0,0,0,0,0,0,0,0,0,0,0,0,0,0,0,0,0,0,0,0,0,51,0,0,0,0,0,0,0,0,0,
Thomas,Edwards,DEF,STK,4000000,0,0,0,0,0,0,308,0,0,0,0,0,0,0,0,0,0,0,0,0,0,0,0,0,0,0,0,0,0,654,0,0,0,0,0,0,0,0,0,
Oviemuno,Ejaria,MID,LIV,4400000,0,2,1,2.27E-07,4.55E-07,0,278,0,0,0,0,0,0,0,0.5,0,-1,0,2,1,0,0,0,0,0,0,0,0,0,276,0,0,0,0,8,0,0,0,6,
Omar,Elabdellaoui,DEF,HUL,4400000,-1,13,0.117117117,2.66E-08,2.95E-06,0,1109,0,16,0,0,0,0,0,3,0,-1,0,13,1,0,0,0,0,0,1,0,0,0,1458,0,0,0,0,615,0,0,0,111,
Andrew,Eleftheriou,DEF,WAT,4000000,0,0,0,0,0,0,740,0,2,0,0,0,0,0,0,0,0,0,0,0,0,0,0,0,0,0,0,0,0,1165,0,0,0,0,52,0,0,0,4,
Ahmed,Elmohamady,MID,HUL,4600000,1,62,1.9,4.13E-07,1.35E-05,0,23070,3,63,0,0,0,0,0,13.5,0,-4,0,62,4,0,0,0,1,0,3,0,2,0.2,9014,1,0,0,0,2523,0,0,1,428,
Mohamed,Elneny,MID,ARS,4500000,0,26,0.234234234,5.21E-08,5.78E-06,0,33295,1,9,0,0,0,0,0,5.8,0,-5,0,26,5,0,0,0,0,0,3,0,1,0.4,11147,0,134,0,0,694,0,0,0,133,
Elliot,Embleton,MID,SUN,4400000,0,0,0,0,0,0,277,0,0,0,0,0,0,0,0,0,-1,0,0,1,0,0,0,0,0,0,0,0,0,471,0,0,0,0,0,0,0,0,0,
Marvin,Emnes,FWD,SWA,4400000,0,0,0,0,0,0,25979,0,0,0,0,0,0,0,0,0,-1,0,0,1,0,0,0,0,0,0,0,0,0.3,15455,0,4,0,0,0,0,0,0,0,
Christian,Eriksen,MID,TOT,8900000,9,218,6.1,6.85E-07,2.45E-05,0,1092708,0,24,0,0,0,8,0,24.5,0,4,0,218,-4,0,0,0,30,0,16,0,20,17.9,1394534,0,738,0,5,3159,0,0,0,798,
,Ethan Robson,MID,SUN,4500000,0,0,0,0,0,0,137,0,0,0,0,0,0,0,0,0,0,0,0,0,0,0,0,0,0,0,0,0,0,164,0,0,0,0,0,0,0,0,0,
,Evandro,MID,HUL,4900000,0,18,0.162162162,3.31E-08,3.67E-06,0,711,1,10,0,0,0,0,0,3.7,0,-1,0,18,1,0,0,0,0,0,3,0,0,0,810,0,0,0,0,576,0,0,0,88,
Jonny,Evans,DEF,WBA,4400000,8,79,2.5,5.68E-07,1.80E-05,0,392466,8,39,0,0,0,2,0,18,0,-1,0,79,1,0,0,0,7,0,4,0,1,4.1,258822,0,343,0,1,2637,0,0,0,478,
Lukasz,Fabianski,GLK,SWA,4800000,0,116,3.1,6.46E-07,2.42E-05,0,164605,1,69,0,117,0,0,0,24.2,0,-2,0,116,2,0,0,0,8,0,8,0,0,3.6,166347,0,366,1,0,3330,0,0,0,650,
,Fabio,DEF,MID,4200000,1,58,0.522522523,1.24E-07,1.38E-05,0,38197,8,30,0,0,0,0,0,13.8,0,-3,0,58,3,0,0,0,8,0,6,0,0,0.4,50772,0,0,0,0,1847,0,0,0,347,
Cesc,Fabregas,MID,CHE,7000000,8,121,1.09009009,1.56E-07,1.73E-05,0,290032,8,14,0,0,0,5,0,17.3,0,-5,0,121,5,0,0,0,14,0,4,0,15,3.3,176332,0,617,0,3,1340,0,0,0,529,
Adam,Federici,GLK,BOU,4400000,0,8,4,9.09E-07,1.82E-06,0,4322,1,3,0,5,0,0,0,1.8,0,-1,0,8,1,0,0,0,1,0,1,0,0,0.1,2240,0,31,0,0,180,0,0,0,37,
Sofiane,Feghouli,MID,WHU,5000000,8,55,0.495495495,9.91E-08,1.10E-05,0,159928,1,23,0,0,0,3,0,11,0,-5,0,55,5,0,0,0,4,0,1,0,3,0.7,34908,0,0,0,1,1042,0,0,1,220,
Marouane,Fellaini,MID,MUN,5800000,0,48,1.7,2.93E-07,8.28E-06,0,23711,8,14,0,0,0,1,0,8.3,0,-2,0,48,2,0,0,0,0,0,10,0,0,0.3,16717,0,164,0,0,1604,0,0,1,259,
Leroy,Fer,MID,SWA,4800000,2,95,2.8,5.83E-07,1.98E-05,0,704215,9,49,0,0,0,6,0,19.8,0,-2,0,95,2,0,0,0,5,0,4,0,2,4.6,749056,0,107,0,2,2405,0,0,0,429,
Edimilson,Fernandes,MID,WHU,4700000,5,38,0.342342342,7.28E-08,8.09E-06,0,873,4,18,0,0,0,0,0,8.1,0,-3,0,38,3,0,0,0,0,0,3,0,1,0,921,0,0,0,0,1002,0,0,0,148,
Federico,Fernandez,DEF,SWA,4200000,1,63,2.3,5.48E-07,1.50E-05,0,86286,7,41,0,0,0,0,0,15,0,-3,0,63,3,0,0,0,4,0,6,0,1,1.9,67419,0,333,0,1,2430,0,0,0,435,
,Fernandinho,MID,MCI,5300000,8,78,2.4,4.53E-07,1.47E-05,0,133539,4,27,0,0,0,2,0,14.7,0,-2,0,78,2,0,0,0,3,0,10,0,1,1.5,89887,0,417,0,0,2755,0,0,2,483,
,Fernando,MID,MCI,4700000,0,18,0.162162162,3.45E-08,3.83E-06,0,15960,3,10,0,0,0,0,0,3.8,0,-3,0,18,3,0,0,0,1,0,1,0,0,0.2,8223,0,236,0,0,568,0,0,0,106,
Sam,Field,MID,WBA,4300000,0,9,0.081081081,1.89E-08,2.09E-06,0,694,2,1,0,0,0,0,0,2.1,0,-2,0,9,2,0,0,0,0,0,1,0,0,0,715,0,0,0,0,275,0,0,0,50,
Roberto,Firmino,MID,LIV,8500000,6,180,5.1,6.00E-07,2.12E-05,0,1585670,5,39,0,0,0,11,0,21.2,0,0,0,180,0,0,0,0,17,0,11,0,11,8.8,1512419,0,522,0,6,3062,0,0,0,639,
Viktor,Fischer,MID,MID,4900000,0,25,0.225225225,4.60E-08,5.10E-06,0,44023,0,6,0,0,0,0,0,5.1,0,-6,0,25,6,0,0,0,0,0,1,0,3,0.2,2205,0,0,0,0,438,0,0,0,91,
Mathieu,Flamini,MID,CRY,4200000,0,12,0.108108108,2.57E-08,2.86E-06,0,6264,0,6,0,0,0,0,0,2.9,0,-3,0,12,3,0,0,0,0,0,0,0,0,0.1,7577,0,0,0,0,274,0,0,0,47,
Jon,Flanagan,DEF,BUR,4300000,0,9,0.081081081,1.89E-08,2.09E-06,0,19332,2,4,0,0,0,0,0,2.1,0,-2,0,9,2,0,0,0,0,0,1,0,0,0.2,5222,0,67,0,0,360,0,0,0,55,
Ashley,Fletcher,FWD,WHU,5000000,1,16,0.144144144,2.88E-08,3.20E-06,0,13421,2,13,0,0,0,0,0,3.2,0,0,0,16,0,0,0,0,0,0,0,0,0,0.2,14319,0,0,0,0,367,0,0,0,33,
Darren,Fletcher,MID,WBA,4400000,5,103,2.7,6.14E-07,2.34E-05,0,640073,0,45,0,0,0,2,0,23.4,0,-1,0,103,1,0,0,0,2,0,8,0,3,8.1,447906,0,403,0,1,3231,0,0,0,453,
Michael,Folivi,FWD,WAT,4500000,0,1,1,2.22E-07,2.22E-07,0,411,0,0,0,0,0,0,0,0.2,0,0,0,1,0,0,0,0,0,0,0,0,0,0,488,0,0,0,0,10,0,0,0,2,
Jose,Fonte,DEF,WHU,5300000,2,98,3,5.66E-07,1.85E-05,0,245913,4,46,0,0,0,0,0,18.5,0,-2,0,98,2,0,0,0,10,0,11,0,0,3.2,158939,0,487,0,1,2934,0,0,0,592,
Adam,Forshaw,MID,MID,4500000,2,77,2.3,5.11E-07,1.71E-05,0,50819,4,36,0,0,0,0,0,17.1,0,0,0,77,0,0,0,0,3,0,9,0,2,0.4,61682,0,0,0,0,2695,0,0,0,401,
Fraser,Forster,GLK,SOU,5000000,2,134,3.5,7.00E-07,2.68E-05,0,223518,3,48,0,76,0,0,0,26.8,0,0,0,134,0,0,0,0,4,0,14,0,0,5,229464,0,233,1,1,3420,0,0,0,625,
Ben,Foster,GLK,WBA,4700000,1,113,3,6.38E-07,2.40E-05,0,517913,2,51,0,115,0,0,0,24,0,2,0,113,-2,0,0,0,4,0,6,0,0,12.6,674681,0,129,0,2,3420,0,0,0,629,
Timothy,Fosu-Mensah,DEF,MUN,4100000,6,9,0.081081081,1.98E-08,2.20E-06,0,10107,0,0,0,0,0,0,0,2.2,0,-4,0,9,4,0,0,0,0,0,1,0,0,0.2,5238,0,40,0,0,97,0,0,0,36,
Simon,Francis,DEF,BOU,4500000,1,89,2.6,5.78E-07,1.98E-05,0,176907,4,54,0,0,0,0,0,19.8,0,0,0,89,0,0,0,0,7,0,10,0,1,1.4,172920,0,462,0,1,2938,0,0,1,639,
Ryan,Fraser,MID,BOU,4600000,2,100,0.900900901,1.96E-07,2.17E-05,0,118412,3,32,0,0,0,3,0,21.7,0,-4,0,100,4,0,0,0,8,0,7,0,9,1.2,168284,0,0,0,2,1764,0,0,0,345,
George,Friend,DEF,MID,4200000,1,59,2.5,5.95E-07,1.40E-05,0,297371,4,35,0,0,0,0,0,14,0,-3,0,59,3,0,0,0,6,0,4,0,3,1.8,155485,0,0,0,0,1964,0,0,0,371,
Dael,Fry,DEF,MID,4000000,0,0,0,0,0,0,66449,0,0,0,0,0,0,0,0,0,0,0,0,0,0,0,0,0,0,0,0,0,0.5,4654,0,0,0,0,0,0,0,0,0,
Ezekiel,Fryers,DEF,CRY,4500000,0,9,0.081081081,1.80E-08,2.00E-06,0,950,0,7,0,0,0,0,0,2,0,0,0,9,0,0,0,0,0,0,0,0,1,0,1074,0,0,0,0,188,0,0,0,38,
Christian,Fuchs,DEF,LEI,5300000,2,104,2.9,5.47E-07,1.96E-05,0,437219,10,57,0,0,0,2,0,19.6,0,-2,0,104,2,0,0,0,10,0,8,0,4,5.7,222961,0,482,0,1,3103,0,0,0,679,
Jay,Fulton,MID,SWA,4400000,0,19,0.171171171,3.89E-08,4.32E-06,0,1565,2,15,0,0,0,0,0,4.3,0,-1,0,19,1,0,0,0,0,0,3,0,0,0,1011,0,4,0,0,690,0,0,0,92,
Ramiro,Funes Mori,DEF,EVE,4500000,0,69,3,6.67E-07,1.53E-05,0,212075,0,19,0,0,0,0,0,15.3,0,-5,0,69,5,0,0,0,4,0,7,0,1,1.4,157058,0,304,0,0,1543,0,0,0,365,
Manolo,Gabbiadini,FWD,SOU,6400000,1,38,0.342342342,5.35E-08,5.94E-06,0,567272,1,12,0,0,0,4,0,5.9,0,-1,0,38,1,0,1,0,4,0,3,0,1,6.5,846541,0,0,0,1,724,0,0,0,124,
,Gabriel,DEF,ARS,4800000,0,45,2.4,5.00E-07,9.38E-06,0,100361,6,18,0,0,0,0,0,9.4,0,-2,0,45,2,0,0,0,2,0,5,0,0,0.8,119600,0,244,0,0,1517,0,0,0,296,
Brendan,Galloway,DEF,EVE,4000000,0,9,3,7.50E-07,2.25E-06,0,20193,0,3,0,0,0,0,0,2.3,0,-5,0,9,5,0,0,0,0,0,1,0,0,0.2,16367,0,126,0,0,247,0,0,0,44,
Cristian,Gamboa,DEF,WBA,4000000,0,0,0,0,0,0,29549,0,0,0,0,0,0,0,0,0,0,0,0,0,0,0,0,0,0,0,0,0,0.4,2019,0,0,0,0,0,0,0,0,0,
,Garcia,MID,MCI,5000000,0,4,0.036036036,7.21E-09,8.00E-07,0,634,0,2,0,0,0,0,0,0.8,0,0,0,4,0,0,0,0,0,0,0,0,0,0,625,0,0,0,0,77,0,0,0,25,
Craig,Gardner,MID,WBA,5100000,0,14,1.6,3.14E-07,2.75E-06,0,7451,1,6,0,0,0,0,0,2.7,0,-4,0,14,4,0,0,0,0,0,1,0,1,0.1,5115,0,244,0,0,218,0,0,0,52,
Florin,Gardos,DEF,SOU,4000000,0,0,0,0,0,0,6030,0,0,0,0,0,0,0,0,0,0,0,0,0,0,0,0,0,0,0,0,0,0.1,5903,0,0,0,0,0,0,0,0,0,
Paulo,Gazzaniga,GLK,SOU,4500000,0,0,0,0,0,0,337,0,0,0,0,0,0,0,0,0,0,0,0,0,0,0,0,0,0,0,0,0,0,157,0,15,0,0,0,0,0,0,0,
Rudy,Gestede,FWD,MID,4500000,1,21,0.189189189,4.20E-08,4.67E-06,0,10551,3,12,0,0,0,1,0,4.7,0,-5,0,21,5,0,0,0,0,0,1,0,0,0.1,14380,0,0,0,0,533,0,0,0,80,
Kieran,Gibbs,DEF,ARS,4700000,0,45,0.405405405,8.63E-08,9.57E-06,0,30650,3,3,0,0,0,0,0,9.6,0,-3,0,45,3,0,0,0,3,0,6,0,1,1.7,70359,0,69,0,1,702,0,0,0,201,
Ben,Gibson,DEF,MID,4900000,1,121,3.2,6.53E-07,2.47E-05,0,490767,4,53,0,0,0,1,0,24.7,0,4,0,121,-4,0,0,0,14,0,11,0,1,8.8,801709,0,0,0,1,3420,0,0,0,682,
Darron,Gibson,MID,SUN,4300000,1,17,0.153153153,3.56E-08,3.95E-06,0,7021,4,12,0,0,0,0,0,4,0,-2,0,17,2,0,0,0,0,0,1,0,0,0.1,4152,0,44,0,0,640,0,0,0,101,
Rene,Gilmartin,GLK,WAT,4000000,0,0,0,0,0,0,0,0,0,0,0,0,0,0,0,0,0,0,0,0,0,0,0,0,0,0,0,0,0,0,0,0,0,0,0,0,0,0,0,
Olivier,Giroud,FWD,ARS,8100000,0,116,4,4.94E-07,1.43E-05,0,733826,2,16,0,0,0,12,0,14.3,0,-9,0,116,9,0,0,0,17,0,4,0,5,4.7,846204,0,629,0,3,1206,0,0,0,432,
Shay,Given,GLK,STK,4200000,0,13,0.117117117,2.79E-08,3.10E-06,0,25611,1,14,0,18,0,0,0,3.1,0,-3,0,13,3,0,0,0,3,0,0,0,0,0.4,20683,1,24,1,1,450,0,0,0,92,
Serge,Gnabry,MID,ARS,5000000,0,0,0,0,0,0,1070,0,0,0,0,0,0,0,0,0,0,0,0,0,0,0,0,0,0,0,0,0,0,408,0,4,0,0,0,0,0,0,0,
Angel,Gomes,MID,MUN,4500000,1,1,0.009009009,2.00E-09,2.22E-07,0,0,0,0,0,0,0,0,0,0.2,0,0,0,1,0,0,0,0,0,0,0,0,0,0,0,0,0,0,0,3,0,0,0,2,
Heurelho,Gomes,GLK,WAT,4900000,1,113,3,6.12E-07,2.31E-05,0,101390,1,64,0,117,0,0,0,23.1,0,-1,0,113,1,0,0,0,6,0,7,0,0,1.7,46210,1,375,1,1,3337,0,0,0,681,
Joseph,Gomez,DEF,LIV,4800000,0,0,0,0,0,0,1466,0,0,0,0,0,0,0,0,0,-2,0,0,2,0,0,0,0,0,0,0,0,0,888,0,58,0,0,0,0,0,0,0,
Bafetimbi,Gomis,FWD,SWA,6500000,0,0,0,0,0,0,1932,0,0,0,0,0,0,0,0,0,0,0,0,0,0,0,0,0,0,0,0,0,0,665,0,242,0,0,0,0,0,0,0,
Lynden,Gooch,MID,SUN,4100000,1,12,0.108108108,2.64E-08,2.93E-06,0,9992,3,9,0,0,0,0,0,2.9,0,-4,0,12,4,0,0,0,0,0,1,0,0,0.2,14585,0,0,0,0,366,0,0,0,43,
Dan,Gosling,MID,BOU,4700000,3,49,0.441441441,9.39E-08,1.04E-05,0,12925,6,24,0,0,0,2,0,10.4,0,-3,0,49,3,0,0,0,2,0,4,0,0,0.1,8398,0,331,0,0,1366,0,0,0,254,
Lewis,Grabban,FWD,BOU,4300000,0,6,2,4.65E-07,1.40E-06,0,272441,0,2,0,0,0,0,0,1.4,0,-2,0,6,2,0,0,0,0,0,0,0,1,2.9,193792,0,124,0,0,60,0,0,0,17,
Max,Gradel,MID,BOU,5000000,0,8,0.072072072,1.44E-08,1.60E-06,0,13431,3,1,0,0,0,0,0,1.6,0,-5,0,8,5,0,0,0,0,0,0,0,0,0.1,1178,0,155,0,0,134,0,0,0,24,
Lee,Grant,GLK,STK,4300000,0,106,3.8,8.84E-07,2.47E-05,0,290679,1,34,0,91,0,0,0,24.7,0,3,0,106,-3,0,0,0,9,0,9,0,0,6.5,534744,0,0,0,3,2520,0,0,0,546,
Andre,Gray,FWD,BUR,6000000,5,108,3.4,5.67E-07,1.80E-05,0,767649,2,33,0,0,0,9,0,18,0,-5,0,108,5,0,0,0,10,0,8,0,3,4,486669,0,0,0,1,2260,0,0,0,303,
Demarai,Gray,MID,LEI,4800000,1,58,0.522522523,1.09E-07,1.21E-05,0,58006,2,20,0,0,0,1,0,12.1,0,-2,0,58,2,0,0,0,0,0,4,0,4,0.5,42715,0,57,0,0,1049,0,0,0,210,
Kamil,Grosicki,MID,HUL,5500000,1,43,0.387387387,7.04E-08,7.82E-06,0,15980,1,27,0,0,0,0,0,7.8,0,0,0,43,0,0,0,0,0,0,3,0,5,0.2,25724,0,0,0,0,1143,0,0,0,132,
Marko,Grujic,MID,LIV,4300000,0,4,0.036036036,8.38E-09,9.30E-07,0,27552,1,0,0,0,0,0,0,0.9,0,-7,0,4,7,0,0,0,0,0,0,0,0,0.2,2751,0,0,0,0,43,0,0,0,10,
Johann Berg,Gudmundsson,MID,BUR,4800000,0,47,0.423423423,8.82E-08,9.79E-06,0,22755,1,19,0,0,0,1,0,9.8,0,-7,0,47,7,0,0,0,3,0,3,0,3,0.1,13594,0,0,0,1,999,0,0,0,187,
Adlene,Guedioura,MID,MID,4200000,0,26,0.234234234,5.58E-08,6.19E-06,0,8170,2,20,0,0,0,0,0,6.2,0,-3,0,26,3,0,0,0,0,0,0,0,1,0.1,7765,0,56,0,0,861,0,0,0,131,
Idrissa,Gueye,MID,EVE,5000000,1,80,2.4,4.80E-07,1.60E-05,0,51784,11,31,0,0,0,1,0,16,0,0,0,80,0,0,0,0,9,0,9,0,2,0.4,53794,0,270,0,1,2681,0,0,0,540,
Ilkay,Gundogan,MID,MCI,4900000,0,41,4.1,8.37E-07,8.37E-06,0,704743,0,8,0,0,0,3,0,8.4,0,-6,0,41,6,0,0,0,2,0,3,0,1,1.3,700011,0,0,0,1,704,0,0,0,196,
Angus,Gunn,GLK,MCI,4000000,0,0,0,0,0,0,74,0,0,0,0,0,0,0,0,0,0,0,0,0,0,0,0,0,0,0,0,0,0,264,0,0,0,0,0,0,0,0,0,
Bradley,Guzan,GLK,MID,4200000,3,36,0.324324324,7.72E-08,8.57E-06,0,36967,0,17,0,37,0,0,0,8.6,0,-3,0,36,3,0,0,0,3,0,3,0,0,0.7,28825,0,188,0,1,900,0,0,0,197,
Ben,Hamer,GLK,LEI,4300000,0,0,0,0,0,0,427,0,0,0,0,0,0,0,0,0,-2,0,0,2,0,0,0,0,0,0,0,0,0,393,0,0,0,0,0,0,0,0,0,
Rekeem,Harper,MID,WBA,4500000,0,0,0,0,0,0,194,0,0,0,0,0,0,0,0,0,0,0,0,0,0,0,0,0,0,0,0,0,0,285,0,0,0,0,0,0,0,0,0,
Joshua,Harrop,MID,MUN,4500000,8,8,0.072072072,1.60E-08,1.78E-06,0,6,0,0,0,0,0,1,0,1.8,0,0,0,8,0,0,0,0,0,0,1,0,0,0,273,0,0,0,0,90,0,0,0,32,
Joe,Hart,GLK,MCI,5300000,0,0,0,0,0,0,174581,0,0,0,0,0,0,0,0,0,-2,0,0,2,0,0,0,0,0,0,0,0,1,2933,0,360,0,0,0,0,0,0,0,
Mouez,Hassen,GLK,SOU,4000000,0,0,0,0,0,0,252,0,0,0,0,0,0,0,0,0,0,0,0,0,0,0,0,0,0,0,0,0,0,564,0,0,0,0,0,0,0,0,0,
Jakob,Haugaard,GLK,STK,4300000,0,0,0,0,0,0,3586,0,0,0,0,0,0,0,0,0,-2,0,0,2,0,0,0,0,0,0,0,0,0.1,291,0,31,0,0,0,0,0,0,0,
Eden,Hazard,MID,CHE,10500000,9,224,6.2,5.90E-07,2.13E-05,0,2197649,3,29,0,0,0,16,0,21.3,0,5,0,224,-5,0,1,0,33,0,17,0,9,30.6,2580159,0,476,0,5,2985,0,0,0,869,
Tom,Heaton,GLK,BUR,5100000,1,149,4.3,8.43E-07,2.92E-05,0,464893,1,48,0,142,0,0,0,29.2,0,6,0,149,-6,0,0,0,21,0,10,0,0,18.6,976551,0,0,1,4,3150,0,0,0,741,
Jordan,Henderson,MID,LIV,6200000,0,73,0.657657658,1.06E-07,1.18E-05,0,118914,8,28,0,0,0,1,0,11.8,0,-3,0,73,3,0,0,0,9,0,7,0,4,1,99424,0,250,0,0,2116,0,0,0,467,
Jeff,Hendrick,MID,BUR,5300000,2,76,2.4,4.53E-07,1.43E-05,0,6203,6,47,0,0,0,2,0,14.3,0,-2,0,76,2,0,0,0,1,0,9,0,1,0.1,7429,0,0,0,0,2691,0,0,1,286,
Wayne,Hennessey,GLK,CRY,4300000,1,92,3.2,7.44E-07,2.14E-05,0,172524,1,46,0,83,0,0,0,21.4,0,-2,0,92,2,0,0,0,4,0,7,0,0,3.1,126719,0,266,0,2,2610,0,0,0,497,
Rouwen,Hennings,FWD,BUR,4500000,0,0,0,0,0,0,4090,0,0,0,0,0,0,0,0,0,0,0,0,0,0,0,0,0,0,0,0,0,0,742,0,0,0,0,0,0,0,0,0,
Markus,Henriksen,MID,HUL,4900000,0,20,0.18018018,3.68E-08,4.08E-06,0,1026,1,13,0,0,0,0,0,4.1,0,-6,0,20,6,0,0,0,0,0,0,0,0,0,1020,0,0,0,0,638,0,0,0,75,
Abel,Hernandez,FWD,HUL,5900000,0,72,3,5.08E-07,1.22E-05,0,168619,0,23,0,0,0,4,0,12.2,0,-1,0,72,1,0,0,0,6,0,4,0,4,0.9,153456,0,0,0,2,1425,0,0,0,208,
Luis,Hernandez,DEF,LEI,4200000,0,3,0.8,1.90E-07,7.14E-07,0,21663,1,8,0,0,0,0,0,0.7,0,-3,0,3,3,0,0,0,0,0,0,0,0,0.3,5986,0,0,0,0,327,0,0,0,50,
Ander,Herrera,MID,MUN,6200000,0,97,3.1,5.00E-07,1.56E-05,0,124734,5,18,0,0,0,1,0,15.6,0,-3,0,97,3,0,0,0,11,0,13,0,6,2.2,190224,0,307,0,1,2465,0,0,1,559,
Jake,Hesketh,MID,SOU,4500000,0,0,0,0,0,0,204,0,0,0,0,0,0,0,0,0,0,0,0,0,0,0,0,0,0,0,0,0,0,257,0,0,0,0,0,0,0,0,0,
Mateusz,Hewelt,GLK,EVE,4000000,0,0,0,0,0,0,1721,0,0,0,0,0,0,0,0,0,0,0,0,0,0,0,0,0,0,0,0,0,0.1,3037,0,0,0,0,0,0,0,0,0,
Ben,Hinchcliffe,FWD,HUL,4500000,0,0,0,0,0,0,2712,0,0,0,0,0,0,0,0,0,0,0,0,0,0,0,0,0,0,0,0,0,0,3408,0,0,0,0,0,0,0,0,0,
Tommie,Hoban,DEF,WAT,4000000,0,0,0,0,0,0,13263,0,0,0,0,0,0,0,0,0,0,0,0,0,0,0,0,0,0,0,0,0,0.2,1227,0,0,0,0,0,0,0,0,0,
Pierre-Emile,H?jbjerg,MID,SOU,4200000,0,38,0.342342342,8.15E-08,9.05E-06,0,163812,2,16,0,0,0,0,0,9,0,-3,0,38,3,0,0,0,0,0,6,0,0,1.6,116439,0,0,0,0,1300,0,0,0,232,
Rob,Holding,DEF,ARS,4100000,1,32,0.288288288,7.03E-08,7.80E-06,0,75256,3,8,0,0,0,0,0,7.8,0,-4,0,32,4,0,0,0,3,0,4,0,0,3.3,174958,0,0,0,1,810,0,0,0,171,
Jose,Holebas,DEF,WAT,4600000,0,87,2.6,5.65E-07,1.89E-05,0,442080,14,61,0,0,0,2,0,18.9,0,1,0,87,-1,0,0,0,9,0,7,0,4,3,528595,0,96,0,1,2905,0,0,0,547,
Mason,Holgate,DEF,EVE,4100000,1,54,0.486486486,1.19E-07,1.32E-05,0,452707,2,18,0,0,0,0,0,13.2,0,-4,0,54,4,0,0,0,5,0,5,0,1,7.1,701907,0,0,0,0,1372,0,0,0,303,
Nathan,Holland,MID,WHU,4500000,0,0,0,0,0,0,74,0,0,0,0,0,0,0,0,0,0,0,0,0,0,0,0,0,0,0,0,0,0,317,0,0,0,0,0,0,0,0,0,
George,Honeyman,MID,SUN,4500000,0,7,0.063063063,1.40E-08,1.56E-06,0,220,1,4,0,0,0,0,0,1.6,0,0,0,7,0,0,0,0,0,0,1,0,0,0,304,0,0,0,0,235,0,0,0,30,
Tom,Huddlestone,MID,HUL,4500000,2,62,2,4.44E-07,1.38E-05,0,26805,5,47,0,0,0,1,0,13.8,0,-5,0,62,5,0,0,0,5,0,4,0,2,0.2,24010,1,0,0,1,2025,0,0,1,348,
James,Husband,DEF,MID,4000000,0,0,0,0,0,0,156,0,3,0,0,0,0,0,0,0,0,0,0,0,0,0,0,0,0,0,0,0,0,405,0,0,0,0,58,0,0,0,3,
Noor,Husin,MID,CRY,4500000,0,0,0,0,0,0,68,0,0,0,0,0,0,0,0,0,0,0,0,0,0,0,0,0,0,0,0,0,0,71,0,0,0,0,0,0,0,0,0,
Robert,Huth,DEF,LEI,4900000,0,88,2.7,5.51E-07,1.80E-05,0,106533,9,49,0,0,0,2,0,18,0,-1,0,88,1,0,0,0,1,0,9,0,2,1.8,114565,2,453,0,0,2926,0,0,0,479,
Emerson,Hyndman,MID,BOU,4400000,0,0,0,0,0,0,1375,0,0,0,0,0,0,0,0,0,-1,0,0,1,0,0,0,0,0,0,0,0,0,680,0,0,0,0,0,0,0,0,0,
Jordon,Ibe,MID,BOU,4900000,1,36,0.324324324,6.62E-08,7.35E-06,0,163375,0,22,0,0,0,0,0,7.3,0,-6,0,36,6,0,0,0,0,0,3,0,0,1.1,26236,0,184,0,0,1055,0,0,0,133,
Zlatan,Ibrahimovic,FWD,MUN,11400000,0,163,5.8,5.09E-07,1.43E-05,0,3439837,7,22,0,0,0,17,0,14.3,0,-1,0,163,1,0,1,0,28,0,11,0,7,22.8,2545887,0,0,0,6,2438,0,0,0,540,
Odion,Ighalo,FWD,WAT,6800000,0,39,2.2,3.24E-07,5.74E-06,0,337689,1,29,0,0,0,1,0,5.7,0,-7,0,39,7,0,0,0,2,0,2,0,1,2.4,94311,0,709,0,0,1291,0,0,0,84,
Kelechi,Iheanacho,FWD,MCI,6000000,1,52,0.468468468,7.81E-08,8.67E-06,0,792576,0,9,0,0,0,4,0,8.7,0,-10,0,52,10,0,0,0,6,0,1,0,3,2.3,763437,0,242,0,1,537,0,0,0,180,
Giannelli,Imbula,MID,STK,4500000,0,24,0.216216216,4.80E-08,5.33E-06,0,14165,1,20,0,0,0,0,0,5.3,0,-5,0,24,5,0,0,0,1,0,2,0,1,0.1,5576,1,194,0,0,796,0,0,0,126,
Danny,Ings,FWD,LIV,5400000,0,0,0,0,0,0,23641,0,0,0,0,0,0,0,0,0,-6,0,0,6,0,0,0,0,0,0,0,0,0.2,4257,0,81,0,0,0,0,0,0,0,
Gokhan,Inler,MID,LEI,4400000,0,0,0,0,0,0,9979,0,0,0,0,0,0,0,0,0,-1,0,0,1,0,0,0,0,0,0,0,0,0.1,3805,0,20,0,0,0,0,0,0,0,
Stephen,Ireland,MID,STK,4400000,0,0,0,0,0,0,671,0,0,0,0,0,0,0,0,0,-1,0,0,1,0,0,0,0,0,0,0,0,0,597,0,18,0,0,0,0,0,0,0,
Lloyd,Isgrove,MID,SOU,4400000,0,0,0,0,0,0,292,0,0,0,0,0,0,0,0,0,-1,0,0,1,0,0,0,0,0,0,0,0,0,360,0,0,0,0,0,0,0,0,0,
Branislav,Ivanovic,DEF,CHE,5600000,0,23,1.8,3.21E-07,4.11E-06,0,194667,2,9,0,0,0,0,0,4.1,0,-4,0,23,4,0,0,0,2,0,1,0,1,2.7,34657,0,414,0,0,589,0,0,0,143,
Alex,Iwobi,MID,ARS,5300000,1,89,0.801801802,1.51E-07,1.68E-05,0,280854,1,20,0,0,0,3,0,16.8,0,-7,0,89,7,0,0,0,8,0,9,0,5,1.1,261475,0,150,0,1,1456,0,0,0,352,
Phil,Jagielka,DEF,EVE,4900000,0,104,3.9,7.96E-07,2.12E-05,0,322302,4,32,0,0,0,3,0,21.2,0,-1,0,104,1,0,0,0,16,0,6,0,3,7.5,539151,0,221,0,4,2251,0,0,1,533,
Eldin,Jakupovic,GLK,HUL,4100000,0,86,3.9,9.51E-07,2.10E-05,0,548880,0,36,0,73,0,0,0,21,0,1,0,86,-1,0,0,0,7,0,5,0,0,21.9,858058,0,0,2,3,1980,0,0,0,431,
Daniel,James,MID,SWA,4500000,0,0,0,0,0,0,388,0,0,0,0,0,0,0,0,0,0,0,0,0,0,0,0,0,0,0,0,0,0,464,0,0,0,0,0,0,0,0,0,
Matthew,James,MID,LEI,4500000,0,1,1,2.22E-07,2.22E-07,0,250,0,0,0,0,0,0,0,0.2,0,0,0,1,0,0,0,0,0,0,0,0,0,0,229,0,0,0,0,1,0,0,0,3,
Daryl,Janmaat,DEF,WAT,4500000,0,50,0.45045045,1.00E-07,1.11E-05,0,17796,2,33,0,0,0,2,0,11.1,0,-5,0,50,5,0,0,0,0,0,2,0,1,0.2,21642,0,0,0,0,1614,0,0,0,261,
Vincent,Janssen,FWD,TOT,7500000,1,55,2,2.67E-07,7.33E-06,0,116543,0,8,0,0,0,2,0,7.3,0,-5,0,55,5,0,0,0,3,0,3,0,3,0.8,65179,0,0,0,0,845,0,0,0,134,
Adnan,Januzaj,MID,SUN,5300000,2,49,2,3.77E-07,9.25E-06,0,57711,3,38,0,0,0,0,0,9.2,0,-2,0,49,2,0,0,0,0,0,3,0,3,0.5,37914,0,33,0,0,1628,0,0,1,158,
Mile,Jedinak,MID,CRY,4500000,0,2,2,4.44E-07,4.44E-07,0,25995,0,1,0,0,0,0,0,0.4,0,0,0,2,0,0,0,0,0,0,0,0,0,0.1,1388,0,118,0,0,90,0,0,0,8,
Carl,Jenkinson,DEF,ARS,4800000,0,2,0.018018018,3.75E-09,4.17E-07,0,10032,0,1,0,0,0,0,0,0.4,0,-2,0,2,2,0,0,0,0,0,0,0,0,0.1,9727,0,178,0,0,82,0,0,0,12,
,Jesus,FWD,MCI,9100000,11,67,6.7,7.36E-07,7.36E-06,0,445520,2,5,0,0,0,7,0,7.4,0,1,0,67,-1,0,0,0,12,0,3,0,4,14.7,1091092,0,0,0,3,651,0,0,0,258,
,Joe Williams,MID,EVE,4500000,0,0,0,0,0,0,58,0,0,0,0,0,0,0,0,0,0,0,0,0,0,0,0,0,0,0,0,0,0,111,0,0,0,0,0,0,0,0,0,
,Joel Pereira,GLK,MUN,4000000,6,6,0.054054054,1.35E-08,1.50E-06,0,155,0,0,0,1,0,0,0,1.5,0,0,0,6,0,0,0,0,0,0,1,0,0,0.1,5276,0,0,0,0,90,0,0,0,23,
Glen,Johnson,DEF,STK,4700000,0,56,2.4,5.11E-07,1.19E-05,0,20288,1,34,0,0,0,0,0,11.9,0,-3,0,56,3,0,0,0,3,0,6,0,0,0.1,14530,0,324,0,0,1957,0,0,0,376,
,Jonathan Benteke,FWD,CRY,4300000,0,1,0.009009009,2.10E-09,2.33E-07,0,33676,0,0,0,0,0,0,0,0.2,0,-2,0,1,2,0,0,0,0,0,0,0,0,0.4,43997,0,0,0,0,7,0,0,0,3,
Billy,Jones,DEF,SUN,4400000,-1,56,2.1,4.77E-07,1.27E-05,0,4082,8,49,0,0,0,1,0,12.7,0,-1,0,56,1,0,0,0,6,0,5,0,0,0.1,7405,0,211,0,1,2270,0,0,0,368,
David,Jones,MID,BUR,5000000,0,1,1,2.00E-07,2.00E-07,0,3037,1,1,0,0,0,0,0,0.2,0,0,0,1,0,0,0,0,0,0,0,0,0,0,201,0,0,0,0,86,0,0,0,8,
Phil,Jones,DEF,MUN,4500000,6,55,0.495495495,1.10E-07,1.22E-05,0,231504,2,14,0,0,0,0,0,12.2,0,-5,0,55,5,0,0,0,4,0,5,0,0,0.7,240803,0,64,0,0,1584,0,0,0,362,
,Joselu,FWD,STK,5300000,0,0,0,0,0,0,6797,0,0,0,0,0,0,0,0,0,-2,0,0,2,0,0,0,0,0,0,0,0,0.1,732,0,246,0,0,0,0,0,0,0,
,Josh Robson,DEF,SUN,4000000,0,0,0,0,0,0,3840,0,0,0,0,0,0,0,0,0,0,0,0,0,0,0,0,0,0,0,0,0,0.1,5070,0,0,0,0,0,0,0,0,0,
Lukas,Jutkiewicz,FWD,BUR,4300000,0,2,1,2.33E-07,4.65E-07,0,31106,0,0,0,0,0,0,0,0.5,0,-2,0,2,2,0,0,0,0,0,0,0,0,0.6,14808,0,0,0,0,13,0,0,0,5,
Christian,Kabasele,DEF,WAT,4800000,0,35,0.315315315,6.57E-08,7.29E-06,0,3199,1,15,0,0,0,2,0,7.3,0,-2,0,35,2,0,0,0,1,0,1,0,0,0,1487,0,0,0,0,771,0,0,0,143,
Younes,Kaboul,DEF,WAT,4300000,0,57,2.5,5.81E-07,1.33E-05,0,68404,2,36,0,0,0,2,0,13.3,0,-2,0,57,2,0,0,0,1,0,4,0,0,0.6,61802,0,231,0,0,1910,0,0,0,342,
Sullay,Kaikai,MID,CRY,4500000,1,1,0.009009009,2.00E-09,2.22E-07,0,2310,0,0,0,0,0,0,0,0.2,0,0,0,1,0,0,0,0,0,0,0,0,0,0,260,0,9,0,0,24,0,0,0,1,
Harry,Kane,FWD,TOT,11900000,17,224,7.5,6.30E-07,1.88E-05,0,2241049,3,19,0,0,0,29,0,18.8,0,9,0,224,-9,0,1,0,33,0,14,0,7,23.3,2534008,0,1053,0,9,2523,0,0,0,920,
N'Golo,Kante,MID,CHE,4700000,2,83,2.4,5.11E-07,1.77E-05,0,804723,9,33,0,0,0,1,0,17.7,0,-3,0,83,3,0,0,0,1,0,13,0,1,11.7,308518,0,501,0,0,3138,0,0,0,554,
Bartosz,Kapustka,MID,LEI,5000000,0,0,0,0,0,0,5870,0,0,0,0,0,0,0,0,0,-5,0,0,5,0,0,0,0,0,0,0,0,0.1,609,0,0,0,0,0,0,0,0,0,
Loris,Karius,GLK,LIV,4300000,0,32,0.288288288,6.70E-08,7.44E-06,0,80910,0,12,0,20,0,0,0,7.4,0,-7,0,32,7,0,0,0,0,0,3,0,0,0.7,79242,0,0,0,0,900,0,0,0,153,
Michael,Keane,DEF,BUR,5000000,0,113,3.2,6.40E-07,2.26E-05,0,168551,4,49,0,0,0,2,0,22.6,0,0,0,113,0,0,0,0,10,0,10,0,1,3.3,245278,0,0,0,3,3150,0,0,0,619,
Will,Keane,FWD,HUL,4400000,0,8,0.072072072,1.64E-08,1.82E-06,0,40073,0,10,0,0,0,0,0,1.8,0,-1,0,8,1,0,0,0,0,0,1,0,0,0.2,41566,0,0,0,0,280,0,0,0,9,
Martin,Kelly,DEF,CRY,4200000,1,46,1.6,3.81E-07,1.10E-05,0,52436,4,44,0,0,0,0,0,11,0,-3,0,46,3,0,0,0,0,0,2,0,2,0.6,59814,0,96,0,0,2124,0,0,0,323,
Daniel,Kemp,MID,WHU,4500000,0,0,0,0,0,0,0,0,0,0,0,0,0,0,0,0,0,0,0,0,0,0,0,0,0,0,0,0,0,0,0,0,0,0,0,0,0,0,0,
,Kenedy,MID,CHE,5100000,0,3,0.027027027,5.30E-09,5.88E-07,0,2269,0,3,0,0,0,0,0,0.6,0,-4,0,3,4,0,0,0,0,0,0,0,0,0,1446,0,86,0,0,90,0,0,0,8,
Jonjoe,Kenny,DEF,EVE,4000000,0,1,0.009009009,2.25E-09,2.50E-07,0,1106,0,0,0,0,0,0,0,0.3,0,0,0,1,0,0,0,0,0,0,0,0,0,0,1799,0,0,0,0,13,0,0,0,2,
Wahbi,Khazri,MID,SUN,6000000,0,31,0.279279279,4.65E-08,5.17E-06,0,12007,6,21,0,0,0,1,0,5.2,0,-5,0,31,5,0,0,0,3,0,1,0,0,0.1,1361,0,172,0,0,849,0,0,0,96,
,Ki Sung-yueng,MID,SWA,5000000,1,41,1.8,3.60E-07,8.20E-06,0,4946,3,28,0,0,0,0,0,8.2,0,-5,0,41,5,0,0,0,0,0,4,0,1,0.1,1983,0,241,0,0,1291,0,0,0,220,
Michael,Kightly,MID,BUR,4200000,0,6,1.2,2.86E-07,1.43E-06,0,34426,0,1,0,0,0,0,0,1.4,0,-3,0,6,3,0,0,0,0,0,0,0,0,0.6,29258,0,0,0,0,104,0,0,0,20,
Andy,King,MID,LEI,4700000,2,41,0.369369369,7.86E-08,8.72E-06,0,18524,4,26,0,0,0,1,0,8.7,0,-3,0,41,3,0,0,0,1,0,1,0,0,0.2,10199,0,174,0,0,1446,0,0,0,217,
Joshua,King,MID,BOU,6200000,0,178,4.9,7.90E-07,2.87E-05,0,312348,1,54,0,0,0,16,0,28.7,0,7,0,178,-7,0,1,0,17,0,9,0,3,19.3,1124078,0,321,0,3,2714,0,0,0,553,
Stephen,Kingsley,DEF,SWA,3900000,1,29,0.261261261,6.70E-08,7.44E-06,0,531433,0,20,0,0,0,0,0,7.4,0,-1,0,29,1,0,0,0,2,0,3,0,0,8.9,668481,0,75,0,1,1036,0,0,0,192,
Jan,Kirchhoff,MID,SUN,4200000,0,12,0.108108108,2.57E-08,2.86E-06,0,3827,1,11,0,0,0,0,0,2.9,0,-3,0,12,3,0,0,0,0,0,0,0,1,0,1833,0,118,0,0,433,0,0,0,61,
Ragnar,Klavan,DEF,LIV,4400000,0,43,2.1,4.77E-07,9.77E-06,0,91899,3,19,0,0,0,0,0,9.8,0,-6,0,43,6,0,0,0,4,0,3,0,0,0.6,67907,0,0,0,0,1410,0,0,0,292,
Aleksandar,Kolarov,DEF,MCI,5800000,0,95,3.3,5.69E-07,1.64E-05,0,230491,6,27,0,0,0,1,0,16.4,0,-2,0,95,2,0,0,0,7,0,9,0,1,3.1,136250,1,429,0,2,2535,0,0,0,558,
Vincent,Kompany,DEF,MCI,6000000,13,57,0.513513514,8.56E-08,9.50E-06,0,34177,5,6,0,0,0,3,0,9.5,0,0,0,57,0,0,0,0,6,0,5,0,0,3.2,143641,0,173,0,2,820,0,0,0,227,
Arouna,Kone,FWD,EVE,5100000,1,6,0.054054054,1.06E-08,1.18E-06,0,70237,0,3,0,0,0,0,0,1.2,0,-4,0,6,4,0,0,0,0,0,0,0,0,0.7,16003,0,289,0,0,78,0,0,0,17,
Lamine,Kone,DEF,SUN,4200000,0,69,2.3,5.48E-07,1.64E-05,0,129283,4,46,0,0,0,1,0,16.4,0,-3,0,69,3,0,0,0,5,0,5,0,0,1.7,104656,0,176,0,2,2545,0,0,0,451,
Dimitrios,Konstantopoulos,GLK,MID,4100000,0,0,0,0,0,0,6879,0,0,0,0,0,0,0,0,0,-4,0,0,4,0,0,0,0,0,0,0,0,0.1,1170,0,0,0,0,0,0,0,0,0,
Laurent,Koscielny,DEF,ARS,6100000,-2,121,3.7,6.07E-07,1.98E-05,0,857277,4,37,0,0,0,2,0,19.8,0,1,0,121,-1,0,0,0,19,0,10,0,1,11.2,965040,0,493,0,3,2821,0,0,1,723,
Cheikhou,Kouyate,MID,WHU,5000000,0,79,2.5,5.00E-07,1.58E-05,0,95857,3,46,0,0,0,1,0,15.8,0,-5,0,79,5,0,0,0,3,0,9,0,1,0.7,25901,0,498,0,0,2723,0,0,0,438,
Dusan,Kuciak,GLK,HUL,4000000,0,0,0,0,0,0,6944,0,0,0,0,0,0,0,0,0,0,0,0,0,0,0,0,0,0,0,0,0,0.2,7949,0,0,0,0,0,0,0,0,0,
Olayinka Fredrick Oladotun,Ladapo,FWD,CRY,4500000,0,0,0,0,0,0,1116,0,0,0,0,0,0,0,0,0,0,0,0,0,0,0,0,0,0,0,0,0,0,929,0,0,0,0,0,0,0,0,0,
Daniel,Lafferty,DEF,BUR,4000000,0,0,0,0,0,0,23588,0,0,0,0,0,0,0,0,0,0,0,0,0,0,0,0,0,0,0,0,0,0.3,3188,0,0,0,0,0,0,0,0,0,
Adam,Lallana,MID,LIV,6700000,9,139,1.252252252,1.87E-07,2.07E-05,0,1860046,3,32,0,0,0,8,0,20.7,0,-3,0,139,3,0,0,0,14,0,9,0,7,9.1,1932163,0,416,0,3,2338,0,0,0,543,
Rickie,Lambert,FWD,WBA,5400000,0,1,1,1.85E-07,1.85E-07,0,8294,0,0,0,0,0,0,0,0.2,0,-1,0,1,1,0,0,0,0,0,0,0,0,0.1,1463,0,72,0,0,13,0,0,0,3,
Erik,Lamela,MID,TOT,6600000,0,28,3.1,4.70E-07,4.24E-06,0,538497,1,2,0,0,0,1,0,4.2,0,-4,0,28,4,0,1,0,4,0,4,0,1,3.3,303229,0,519,0,0,595,0,0,0,93,
Manuel,Lanzini,MID,WHU,5900000,1,133,3.8,6.44E-07,2.25E-05,0,206178,9,53,0,0,0,8,0,22.5,0,-6,0,133,6,0,0,0,20,0,9,0,3,2,278319,0,381,0,3,2708,0,0,0,635,
Sebastian,Larsson,MID,SUN,4700000,5,40,1.9,4.04E-07,8.51E-06,0,2452,4,35,0,0,0,0,0,8.5,0,-3,0,40,3,0,0,0,0,0,3,0,3,0,2066,0,58,0,0,1468,0,0,1,219,
Grant,Leadbitter,MID,MID,4300000,2,28,0.252252252,5.87E-08,6.51E-06,0,1805,1,12,0,0,0,1,0,6.5,0,-7,0,28,7,0,0,0,1,0,3,0,0,0,1743,0,0,0,0,710,0,0,0,125,
Michael,Ledger,DEF,SUN,4000000,0,0,0,0,0,0,380,0,0,0,0,0,0,0,0,0,0,0,0,0,0,0,0,0,0,0,0,0,0,541,0,0,0,0,0,0,0,0,0,
Joe,Ledley,MID,CRY,4300000,0,40,0.36036036,8.38E-08,9.30E-06,0,40422,1,26,0,0,0,1,0,9.3,0,-2,0,40,2,0,0,0,1,0,2,0,1,0.4,27966,0,121,0,0,1160,0,0,0,201,
,Lee Chung-yong,MID,CRY,4200000,0,24,0.216216216,5.15E-08,5.71E-06,0,20134,0,13,0,0,0,0,0,5.7,0,-3,0,24,3,0,0,0,0,0,2,0,1,0.3,19524,0,56,0,0,471,0,0,0,103,
Jonathan,Leko,MID,WBA,4100000,1,12,0.108108108,2.64E-08,2.93E-06,0,51765,0,3,0,0,0,0,0,2.9,0,-4,0,12,4,0,0,0,0,0,0,0,1,0.5,53568,0,28,0,0,118,0,0,0,38,
Brian,Lenihan,DEF,HUL,3900000,0,0,0,0,0,0,89086,0,0,0,0,0,0,0,0,0,-1,0,0,1,0,0,0,0,0,0,0,0,1.1,74845,0,0,0,0,0,0,0,0,0,
Aaron,Lennon,MID,EVE,5500000,0,22,0.198198198,3.60E-08,4.00E-06,0,15060,0,5,0,0,0,0,0,4,0,-5,0,22,5,0,0,0,0,0,2,0,1,0.2,4084,0,278,0,0,509,0,0,0,104,
Jeremain,Lens,MID,SUN,5900000,0,2,1,1.69E-07,3.39E-07,0,2586,0,1,0,0,0,0,0,0.3,0,-1,0,2,1,0,0,0,0,0,0,0,0,0,265,0,180,0,0,69,0,0,0,12,
Joleon,Lescott,DEF,SUN,3900000,0,1,0.009009009,2.31E-09,2.56E-07,0,9206,0,5,0,0,0,0,0,0.3,0,-1,0,1,1,0,0,0,0,0,0,0,0,0.3,20078,0,0,0,0,124,0,0,0,14,
Filip,Lesniak,MID,TOT,4500000,0,4,0.036036036,8.01E-09,8.89E-07,0,5,0,0,0,0,0,0,0,0.9,0,0,0,4,0,0,0,0,0,0,0,0,1,0,47,0,0,0,0,5,0,0,0,14,
Harry,Lewis,GLK,SOU,4000000,0,0,0,0,0,0,509,0,0,0,0,0,0,0,0,0,0,0,0,0,0,0,0,0,0,0,0,0,0,1065,0,0,0,0,0,0,0,0,0,
,Lewis Cook,MID,BOU,4200000,0,17,0.153153153,3.65E-08,4.05E-06,0,38906,1,7,0,0,0,0,0,4,0,-3,0,17,3,0,0,0,1,0,1,0,2,0.8,28535,0,0,0,0,432,0,0,0,81,
Jesse,Lingard,MID,MUN,5600000,4,60,0.540540541,9.65E-08,1.07E-05,0,78117,3,12,0,0,0,1,0,10.7,0,-4,0,60,4,0,0,0,3,0,7,0,3,0.8,69403,0,318,0,1,1360,0,0,0,227,
Jake,Livermore,MID,WBA,4700000,2,77,2.1,4.47E-07,1.64E-05,0,10479,5,62,0,0,0,1,0,16.4,0,-3,0,77,3,0,0,0,2,0,4,0,1,0.1,9179,0,0,0,0,2970,0,0,1,458,
Fernando,Llorente,FWD,SWA,6300000,12,146,4.4,6.98E-07,2.32E-05,0,1069266,2,51,0,0,0,15,0,23.2,0,-2,0,146,2,0,0,0,22,0,5,0,3,9.4,1343047,0,0,0,5,2442,0,0,0,512,
Hugo,Lloris,GLK,TOT,5500000,3,143,4.2,7.64E-07,2.60E-05,0,383467,0,24,0,78,0,0,0,26,0,0,0,143,0,0,0,0,6,0,15,0,0,7.9,351261,0,419,0,0,3004,0,0,0,665,
Ruben,Loftus-Cheek,MID,CHE,5000000,0,6,0.054054054,1.08E-08,1.20E-06,0,4078,0,0,0,0,0,0,0,1.2,0,-5,0,6,5,0,0,0,0,0,0,0,0,0.1,511,0,68,0,0,35,0,0,0,16,
Chris,Long,FWD,BUR,4500000,0,0,0,0,0,0,34397,0,0,0,0,0,0,0,0,0,0,0,0,0,0,0,0,0,0,0,0,0,0.3,5848,0,0,0,0,0,0,0,0,0,
Kevin,Long,DEF,BUR,4000000,1,3,0.027027027,6.76E-09,7.50E-07,0,6424,0,6,0,0,0,0,0,0.8,0,0,0,3,0,0,0,0,0,0,0,0,0,0.1,8158,0,0,0,0,270,0,0,0,39,
Shane,Long,FWD,SOU,6100000,0,57,1.8,2.95E-07,9.34E-06,0,506570,2,23,0,0,0,3,0,9.3,0,-4,0,57,4,0,1,0,2,0,2,0,2,3,118295,0,435,0,0,1262,0,0,0,159,
Ademola,Lookman,MID,EVE,5000000,0,16,0.144144144,2.88E-08,3.20E-06,0,8033,0,2,0,0,0,1,0,3.2,0,-5,0,16,5,0,0,0,0,0,1,0,0,0,9340,0,0,0,0,289,0,0,0,33,
Donald,Love,DEF,SUN,3800000,0,21,0.189189189,4.98E-08,5.53E-06,0,227442,1,11,0,0,0,0,0,5.5,0,-2,0,21,2,0,0,0,1,0,1,0,1,4.2,357905,0,3,0,0,611,0,0,0,133,
Dejan,Lovren,DEF,LIV,4900000,6,106,3.7,7.55E-07,2.16E-05,0,452572,6,31,0,0,0,2,0,21.6,0,-1,0,106,1,0,0,0,6,0,11,0,1,5.6,544570,0,248,0,0,2553,0,0,0,589,
Matthew,Lowton,DEF,BUR,4500000,1,90,2.5,5.56E-07,2.00E-05,0,42770,9,53,0,0,0,0,0,20,0,0,0,90,0,0,0,0,5,0,9,0,2,0.8,59732,0,0,0,0,3240,0,0,0,631,
Leiva,Lucas,MID,LIV,4400000,1,47,0.423423423,9.62E-08,1.07E-05,0,13562,4,17,0,0,0,0,0,10.7,0,-1,0,47,1,0,0,0,2,0,4,0,3,0.2,14984,0,253,0,0,1112,0,0,0,240,
Greg,Luer,FWD,HUL,4400000,0,0,0,0,0,0,6109,0,0,0,0,0,0,0,0,0,-1,0,0,1,0,0,0,0,0,0,0,0,0.1,6625,0,0,0,0,0,0,0,0,0,
Romelu,Lukaku,FWD,EVE,10100000,8,221,6,5.94E-07,2.19E-05,0,2684099,3,42,0,0,0,25,0,21.9,0,11,0,221,-11,0,0,0,33,0,13,0,6,32.2,3620695,0,754,0,6,3266,0,0,0,824,
Shaun,MacDonald,MID,BOU,4500000,0,0,0,0,0,0,4223,0,0,0,0,0,0,0,0,0,0,0,0,0,0,0,0,0,0,0,0,0,0.1,422,0,3,0,0,0,0,0,0,0,
Matt,Macey,GLK,ARS,4000000,0,0,0,0,0,0,100,0,0,0,0,0,0,0,0,0,0,0,0,0,0,0,0,0,0,0,0,0,0,289,0,0,0,0,0,0,0,0,0,
Pablo,Maffeo,DEF,MCI,4500000,0,0,0,0,0,0,893,0,0,0,0,0,0,0,0,0,0,0,0,0,0,0,0,0,0,0,0,0,0,732,0,0,0,0,0,0,0,0,0,
Harry,Maguire,DEF,HUL,4400000,0,71,2.4,5.45E-07,1.61E-05,0,34939,5,53,0,0,0,2,0,16.1,0,-1,0,71,1,0,0,0,5,0,4,0,3,0.8,64709,0,0,0,0,2307,0,0,0,483,
Riyad,Mahrez,MID,LEI,8900000,1,120,3.3,3.71E-07,1.35E-05,0,934233,4,48,0,0,0,6,0,13.5,0,-6,0,120,6,0,2,0,9,0,9,0,4,8.2,202237,0,994,0,0,2826,0,0,0,437,
Ainsley,Maitland-Niles,MID,ARS,4500000,0,1,0.009009009,2.00E-09,2.22E-07,0,158,0,0,0,0,0,0,0,0.2,0,0,0,1,0,0,0,0,0,0,0,0,0,0,171,0,0,0,0,2,0,0,0,5,
Josh,Maja,FWD,SUN,4500000,0,0,0,0,0,0,2016,0,0,0,0,0,0,0,0,0,0,0,0,0,0,0,0,0,0,0,0,0,0.1,3454,0,0,0,0,0,0,0,0,0,
Moses,Makasi,MID,WHU,4500000,0,0,0,0,0,0,18,0,0,0,0,0,0,0,0,0,0,0,0,0,0,0,0,0,0,0,0,0,0,63,0,0,0,0,0,0,0,0,0,
Shaun,Maloney,MID,HUL,4300000,0,24,0.216216216,5.03E-08,5.58E-06,0,90692,0,7,0,0,0,1,0,5.6,0,-2,0,24,2,0,0,0,2,0,1,0,2,0.5,90445,0,0,0,1,283,0,0,0,86,
Steve,Mandanda,GLK,CRY,4200000,0,19,0.171171171,4.08E-08,4.52E-06,0,141747,0,17,0,24,0,0,0,4.5,0,-3,0,19,3,0,0,0,0,0,0,0,0,1.9,43733,0,0,0,0,810,0,0,0,120,
Sadio,Mane,MID,LIV,9300000,0,156,5.8,6.24E-07,1.68E-05,0,2181069,4,26,0,0,0,13,0,16.8,0,3,0,156,-3,0,0,0,14,0,8,0,7,7.8,1862549,0,635,0,4,2242,0,0,0,502,
Eliaquim,Mangala,DEF,MCI,5400000,0,0,0,0,0,0,21014,0,0,0,0,0,0,0,0,0,-1,0,0,1,0,0,0,0,0,0,0,0,0.3,1186,0,235,0,0,0,0,0,0,0,
Alexander,Manninger,GLK,LIV,4000000,0,0,0,0,0,0,8926,0,0,0,0,0,0,0,0,0,0,0,0,0,0,0,0,0,0,0,0,0,0.3,11099,0,0,0,0,0,0,0,0,0,
Vito,Mannone,GLK,SUN,4000000,0,34,0.306306306,7.66E-08,8.50E-06,0,55663,0,19,0,41,0,0,0,8.5,0,-5,0,34,5,0,0,0,6,0,2,0,0,0.6,35846,0,210,0,1,810,0,0,0,187,
Javier,Manquillo,DEF,SUN,4300000,6,38,0.342342342,7.96E-08,8.84E-06,0,2695,2,28,0,0,0,1,0,8.8,0,-2,0,38,2,0,0,0,0,0,2,0,0,0,3302,0,0,0,0,1430,0,0,0,210,
,Marc Wilson,DEF,WBA,3800000,0,0,0,0,0,0,98770,3,7,0,0,0,0,0,0,0,-2,0,0,2,0,0,0,0,0,0,0,0,2.3,122886,0,14,0,0,255,0,0,0,29,
Adrian,Mariappa,DEF,WAT,4000000,0,15,0.135135135,3.38E-08,3.75E-06,0,19852,0,13,0,0,0,0,0,3.8,0,0,0,15,0,0,0,0,3,0,1,0,0,0.4,30278,0,0,0,1,562,0,0,0,121,
Lazar,Markovic,MID,HUL,5200000,0,37,0.333333333,6.41E-08,7.12E-06,0,21421,4,15,0,0,0,2,0,7.1,0,-3,0,37,3,0,0,0,2,0,5,0,0,0.1,22952,0,0,0,0,1005,0,0,0,125,
Dean,Marney,MID,BUR,4300000,0,51,2.4,5.58E-07,1.19E-05,0,68665,7,28,0,0,0,1,0,11.9,0,-2,0,51,2,0,0,0,1,0,5,0,2,0.4,68838,0,0,0,0,1764,0,0,0,239,
David,Marshall,GLK,HUL,4400000,1,32,0.288288288,6.55E-08,7.27E-06,0,6771,0,44,0,63,0,0,0,7.3,0,-1,0,32,1,0,0,0,0,0,0,0,0,0.1,7662,1,0,0,0,1440,0,0,0,262,
Anthony,Martial,MID,MUN,9200000,1,95,0.855855856,9.30E-08,1.03E-05,0,311906,2,13,0,0,0,4,0,10.3,0,-3,0,95,3,0,0,0,9,0,9,0,6,2.5,122918,0,593,0,3,1553,0,0,0,302,
Cuco,Martina,DEF,SOU,4300000,0,31,0.279279279,6.49E-08,7.21E-06,0,56025,0,6,0,0,0,0,0,7.2,0,-2,0,31,2,0,0,0,5,0,3,0,0,0.4,62022,0,203,0,0,592,0,0,0,140,
Damian Emiliano,Martinez,GLK,ARS,3900000,0,8,0.072072072,1.85E-08,2.05E-06,0,7523,0,3,0,5,0,0,0,2.1,0,-1,0,8,1,0,0,0,0,0,1,0,0,0.6,30673,0,0,0,0,180,0,0,0,35,
Bruno,Martins Indi,DEF,STK,4900000,6,106,3,6.12E-07,2.16E-05,0,38853,4,50,0,0,0,1,0,21.6,0,-1,0,106,1,0,0,0,9,0,11,0,0,0.7,61894,0,0,0,1,3146,0,0,0,634,
Brandon,Mason,DEF,WAT,3900000,0,1,0.009009009,2.31E-09,2.56E-07,0,2438,0,5,0,0,0,0,0,0.3,0,-1,0,1,1,0,0,0,0,0,0,0,0,0.1,5768,0,0,0,0,113,0,0,0,13,
Ryan,Mason,MID,HUL,4600000,0,26,0.234234234,5.09E-08,5.65E-06,0,5097,4,27,0,0,0,1,0,5.7,0,-4,0,26,4,0,0,0,0,0,0,0,0,0,3773,0,147,0,0,927,0,0,0,126,
Arthur,Masuaku,DEF,WHU,4700000,0,34,0.306306306,6.52E-08,7.23E-06,0,25654,1,24,0,0,0,0,0,7.2,0,-3,0,34,3,0,0,0,7,0,3,0,1,0.1,19205,0,0,0,0,972,0,0,0,253,
Juan,Mata,MID,MUN,7200000,0,102,4.1,5.69E-07,1.42E-05,0,387152,3,16,0,0,0,6,0,14.2,0,-3,0,102,3,0,0,0,14,0,10,0,3,2,365444,1,586,0,1,1614,0,0,0,457,
Nemanja,Matic,MID,CHE,4800000,0,105,3,6.25E-07,2.19E-05,0,291262,4,24,0,0,0,1,0,21.9,0,-2,0,105,2,0,0,0,1,0,15,0,8,3.9,326634,0,373,0,0,2694,0,0,0,550,
Joel,Matip,DEF,LIV,5400000,6,97,3.3,6.11E-07,1.80E-05,0,152752,3,25,0,0,0,1,0,18,0,-1,0,97,1,0,0,0,7,0,9,0,0,3.2,189764,0,0,0,0,2457,0,0,0,557,
Adam,Matthews,DEF,SUN,4000000,0,0,0,0,0,0,1486,0,0,0,0,0,0,0,0,0,0,0,0,0,0,0,0,0,0,0,0,0,0,434,0,4,0,0,0,0,0,0,0,
Alfie,Mawson,DEF,SWA,4600000,2,94,3.5,7.61E-07,2.04E-05,0,61720,1,45,0,0,0,4,0,20.4,0,1,0,94,-1,0,0,0,9,0,7,0,0,1.9,141691,2,0,0,3,2430,0,0,0,541,
Dieumerci,Mbokani,FWD,HUL,5400000,0,27,0.243243243,4.50E-08,5.00E-06,0,8157,0,16,0,0,0,0,0,5,0,-1,0,27,1,0,0,0,0,0,3,0,2,0,8383,0,0,0,0,764,0,0,0,43,
James,McArthur,MID,CRY,4700000,2,93,0.837837838,1.78E-07,1.98E-05,0,203344,5,39,0,0,0,5,0,19.8,0,-3,0,93,3,0,0,0,8,0,3,0,3,1,228956,0,282,0,1,1999,0,0,0,363,
Gareth,McAuley,DEF,WBA,5000000,0,131,3.6,7.20E-07,2.62E-05,0,1012775,5,45,0,0,0,6,0,26.2,0,5,0,131,-5,0,0,0,14,0,7,0,1,24.7,1560638,1,339,0,4,3140,0,0,0,576,
Oliver,McBurnie,FWD,SWA,4500000,0,5,0.045045045,1.00E-08,1.11E-06,0,6027,0,5,0,0,0,0,0,1.1,0,0,0,5,0,0,0,0,0,0,0,0,0,0.1,7060,0,0,0,0,82,0,0,0,17,
Alex,McCarthy,GLK,SOU,4300000,0,0,0,0,0,0,6053,0,0,0,0,0,0,0,0,0,-2,0,0,2,0,0,0,0,0,0,0,0,0.1,840,0,82,0,0,0,0,0,0,0,
James,McCarthy,MID,EVE,4700000,0,23,0.207207207,4.41E-08,4.89E-06,0,15886,2,10,0,0,0,1,0,4.9,0,-3,0,23,3,0,0,0,0,0,0,0,1,0.2,6679,0,365,0,0,613,0,0,0,100,
James,McClean,MID,WBA,4800000,1,52,0.468468468,9.76E-08,1.08E-05,0,13907,9,24,0,0,0,1,0,10.8,0,-2,0,52,2,0,0,0,1,0,2,0,3,0.1,10324,0,336,0,0,1477,0,0,0,236,
Luke,McGee,GLK,TOT,3900000,0,0,0,0,0,0,3631,0,0,0,0,0,0,0,0,0,-1,0,0,1,0,0,0,0,0,0,0,0,0.1,4311,0,0,0,0,0,0,0,0,0,
Allan,McGregor,GLK,HUL,4400000,0,0,0,0,0,0,1069,0,0,0,0,0,0,0,0,0,-1,0,0,1,0,0,0,0,0,0,0,0,0,448,0,0,0,0,0,0,0,0,0,
Callum,McManaman,MID,WBA,4300000,0,0,0,0,0,0,8969,0,0,0,0,0,0,0,0,0,-2,0,0,2,0,0,0,0,0,0,0,0,0.1,4326,0,27,0,0,0,0,0,0,0,
Patrick,McNair,DEF,SUN,4200000,0,12,0.108108108,2.57E-08,2.86E-06,0,15668,0,9,0,0,0,0,0,2.9,0,-3,0,12,3,0,0,0,0,0,1,0,0,0.2,5004,1,28,0,0,353,0,0,0,58,
Sam,McQueen,MID,SOU,4200000,0,23,0.207207207,4.93E-08,5.48E-06,0,8188,0,9,0,0,0,0,0,5.5,0,-3,0,23,3,0,0,0,0,0,1,0,1,0.1,10744,0,0,0,0,616,0,0,0,132,
Scott,McTominay,MID,MUN,4500000,2,3,0.027027027,6.01E-09,6.67E-07,0,48,1,0,0,0,0,0,0,0.7,0,0,0,3,0,0,0,0,0,0,1,0,0,0,868,0,0,0,0,97,0,0,0,16,
Ben,Mee,DEF,BUR,4400000,0,94,2.8,6.36E-07,2.14E-05,0,182928,5,49,0,0,0,1,0,21.4,0,-1,0,94,1,0,0,0,6,0,9,0,2,2.2,239402,2,0,0,0,3015,0,0,0,592,
Nampalys,Mendy,MID,LEI,4400000,0,6,1.5,3.41E-07,1.36E-06,0,31624,1,5,0,0,0,0,0,1.4,0,-1,0,6,1,0,0,0,0,0,1,0,0,0.3,3697,0,0,0,0,269,0,0,0,26,
Per,Mertesacker,DEF,ARS,4800000,1,1,0.009009009,1.88E-09,2.08E-07,0,5912,0,1,0,0,0,0,0,0.2,0,-2,0,1,2,0,0,0,0,0,0,0,0,0.2,2141,0,265,0,0,38,0,0,0,5,
David,Meyler,MID,HUL,4400000,0,33,0.297297297,6.76E-08,7.50E-06,0,19275,2,23,0,0,0,1,0,7.5,0,-1,0,33,1,0,0,0,0,0,2,0,0,0.2,15717,0,0,0,0,962,0,0,0,179,
Matt,Miazga,DEF,CHE,4400000,0,0,0,0,0,0,3930,0,0,0,0,0,0,0,0,0,-1,0,0,1,0,0,0,0,0,0,0,0,0.1,486,0,18,0,0,0,0,0,0,0,
Simon,Mignolet,GLK,LIV,4800000,7,110,3.9,8.13E-07,2.29E-05,0,161420,0,30,0,52,0,0,0,22.9,0,-2,0,110,2,0,0,0,7,0,9,0,0,3.5,191996,0,340,2,1,2520,0,0,0,506,
,Mika,GLK,SUN,4400000,0,0,0,0,0,0,348,0,0,0,0,0,0,0,0,0,-1,0,0,1,0,0,0,0,0,0,0,0,0,374,0,0,0,0,0,0,0,0,0,
John Obi,Mikel,MID,CHE,4400000,0,0,0,0,0,0,5335,0,0,0,0,0,0,0,0,0,-1,0,0,1,0,0,0,0,0,0,0,0,0.1,1966,0,209,0,0,0,0,0,0,0,
Luka,Milivojevic,MID,CRY,5000000,2,42,0.378378378,7.57E-08,8.40E-06,0,2397,4,16,0,0,0,2,0,8.4,0,0,0,42,0,0,0,0,3,0,5,0,0,0.1,4549,0,0,0,0,1224,0,0,0,169,
James,Milner,MID,LIV,6300000,3,139,3.9,6.19E-07,2.21E-05,0,610105,5,35,0,0,0,7,0,22.1,0,-2,0,139,2,0,1,0,16,0,12,0,4,4.8,720125,0,508,0,3,3154,0,0,0,682,
Tyrone,Mings,DEF,BOU,4500000,0,4,0.036036036,8.01E-09,8.89E-07,0,2242,0,16,0,0,0,0,0,0.9,0,0,0,4,0,0,0,0,2,0,0,0,0,0,1890,2,1,0,0,506,0,0,0,89,
Kevin,Mirallas,MID,EVE,5900000,2,119,3.4,5.76E-07,2.02E-05,0,354610,2,26,0,0,0,4,0,20.2,0,-6,0,119,6,0,0,0,8,0,11,0,8,2.2,374773,0,245,0,2,2074,0,0,0,420,
Demetri,Mitchell,DEF,MUN,4000000,8,8,0.072072072,1.80E-08,2.00E-06,0,25,0,0,0,0,0,0,0,2,0,0,0,8,0,0,0,0,2,0,1,0,0,0,471,0,0,0,1,90,0,0,0,35,
Henrikh,Mkhitaryan,MID,MUN,8700000,0,73,0.657657658,7.56E-08,8.39E-06,0,458737,1,8,0,0,0,4,0,8.4,0,-8,0,73,8,0,0,0,3,0,10,0,1,2.1,260173,0,0,0,1,1348,0,0,0,279,
Nacho,Monreal,DEF,ARS,5900000,2,115,3.2,5.42E-07,1.95E-05,0,273214,5,43,0,0,0,0,0,19.5,0,-1,0,115,1,0,0,0,9,0,11,0,3,6.4,299355,0,511,0,1,3153,0,0,0,681,
Jefferson,Montero,MID,SWA,5000000,0,18,1.4,2.80E-07,3.60E-06,0,8638,0,9,0,0,0,0,0,3.6,0,-5,0,18,5,0,0,0,0,0,0,0,1,0.1,2452,0,202,0,0,380,0,0,0,76,
Elliott,Moore,DEF,LEI,4000000,0,0,0,0,0,0,12,0,0,0,0,0,0,0,0,0,0,0,0,0,0,0,0,0,0,0,0,0,0,134,0,0,0,0,0,0,0,0,0,
Alberto,Moreno,DEF,LIV,4400000,1,15,0.135135135,3.07E-08,3.41E-06,0,150626,1,7,0,0,0,0,0,3.4,0,-6,0,15,6,0,0,0,1,0,0,0,1,1.4,18171,0,394,0,0,305,0,0,0,79,
Wes,Morgan,DEF,LEI,4600000,0,63,2.3,5.00E-07,1.37E-05,0,876793,3,45,0,0,0,1,0,13.7,0,-4,0,63,4,0,0,0,0,0,5,0,1,10.3,309094,0,549,0,0,2430,0,0,0,360,
James,Morrison,MID,WBA,4300000,2,84,0.756756757,1.76E-07,1.95E-05,0,121899,3,22,0,0,0,5,0,19.5,0,-7,0,84,7,0,0,0,4,0,4,0,2,1.1,160829,0,266,0,0,1741,0,0,0,328,
Victor,Moses,MID,CHE,5500000,2,105,3.1,5.64E-07,1.91E-05,0,286146,4,15,0,0,0,3,0,19.1,0,0,0,105,0,0,0,0,6,0,17,0,3,2.2,355251,0,127,0,1,2485,0,0,0,476,
Lys,Mousset,FWD,BOU,5100000,5,14,0.126126126,2.47E-08,2.75E-06,0,3721,0,4,0,0,0,0,0,2.7,0,-4,0,14,4,0,0,0,0,0,1,0,1,0.1,1984,1,0,0,0,270,0,0,0,22,
Marc,Muniesa,DEF,STK,4000000,1,34,0.306306306,7.66E-08,8.50E-06,0,51802,2,7,0,0,0,1,0,8.5,0,-5,0,34,5,0,0,0,3,0,3,0,0,0.8,73817,0,111,0,1,650,0,0,0,153,
Ahmed,Musa,FWD,LEI,6900000,0,39,0.351351351,5.09E-08,5.65E-06,0,417701,1,20,0,0,0,2,0,5.7,0,-6,0,39,6,0,0,0,5,0,1,0,0,3,79415,0,0,0,0,761,0,0,0,131,
Shkodran,Mustafi,DEF,ARS,5800000,0,90,3.5,6.03E-07,1.55E-05,0,149619,11,30,0,0,0,2,0,15.5,0,-2,0,90,2,0,0,0,8,0,8,0,2,1.4,174375,0,0,0,1,2274,0,0,0,513,
Jordon,Mutch,MID,CRY,4200000,0,4,1,2.38E-07,9.52E-07,0,22000,0,1,0,0,0,0,0,1,0,-3,0,4,3,0,0,0,0,0,0,0,0,0.3,20321,0,54,0,0,53,0,0,0,17,
Boaz,Myhill,GLK,WBA,4100000,0,0,0,0,0,0,37890,0,0,0,0,0,0,0,0,0,-4,0,0,4,0,0,0,0,0,0,0,0,0.4,3559,0,218,0,0,0,0,0,0,0,
Luciano,Narsingh,MID,SWA,5100000,4,25,0.225225225,4.42E-08,4.90E-06,0,3786,0,8,0,0,0,0,0,4.9,0,-4,0,25,4,0,0,0,0,0,1,0,3,0,4417,0,0,0,0,416,0,0,0,75,
Samir,Nasri,MID,MCI,6400000,0,1,1,1.56E-07,1.56E-07,0,13030,0,0,0,0,0,0,0,0.2,0,-1,0,1,1,0,0,0,0,0,0,0,0,0.2,1395,0,164,0,0,16,0,0,0,0,
Kyle,Naughton,DEF,SWA,4400000,2,82,2.6,5.91E-07,1.86E-05,0,63284,5,48,0,0,0,1,0,18.6,0,-1,0,82,1,0,0,0,7,0,8,0,0,2.1,104537,1,239,0,1,2714,0,0,0,528,
Jesus,Navas,MID,MCI,6100000,1,48,0.432432432,7.09E-08,7.87E-06,0,42185,2,17,0,0,0,0,0,7.9,0,-4,0,48,4,0,0,0,6,0,2,0,3,0.6,19360,0,408,0,0,1064,0,0,0,245,
Alfred,N'Diaye,MID,HUL,4100000,2,34,2.3,5.61E-07,8.29E-06,0,51063,7,30,0,0,0,1,0,8.3,0,-4,0,34,4,0,0,0,2,0,4,0,0,0.8,83308,0,0,0,0,1273,0,0,0,177,
Wilfred,Ndidi,MID,LEI,4600000,2,59,0.531531532,1.16E-07,1.28E-05,0,28982,0,28,0,0,0,2,0,12.8,0,-4,0,59,4,0,0,0,2,0,4,0,3,0.7,60743,0,0,0,1,1521,0,0,0,288,
Didier,Ndong,MID,SUN,4800000,0,67,2.2,4.58E-07,1.40E-05,0,3733,5,48,0,0,0,1,0,14,0,-2,0,67,2,0,0,0,1,0,5,0,1,0,5171,0,0,0,0,2520,0,0,0,397,
Alvaro,Negredo,FWD,MID,6100000,1,130,3.6,5.90E-07,2.13E-05,0,1906465,5,45,0,0,0,9,0,21.3,0,-4,0,130,4,0,0,0,17,0,10,0,5,10.9,1804609,0,0,0,4,2872,0,0,0,436,
Julien,Ngoy,FWD,STK,4500000,0,5,0.045045045,1.00E-08,1.11E-06,0,5478,0,1,0,0,0,0,0,1.1,0,0,0,5,0,0,0,0,0,0,0,0,0,0.1,7063,0,0,0,0,49,0,0,0,16,
M'Baye,Niang,FWD,WAT,5800000,2,49,0.441441441,7.61E-08,8.45E-06,0,55492,2,27,0,0,0,2,0,8.4,0,-2,0,49,2,0,0,0,6,0,3,0,2,0.4,71728,0,0,0,1,1246,0,0,0,183,
Oumar,Niasse,FWD,HUL,5500000,5,44,0.396396396,7.21E-08,8.00E-06,0,44274,3,30,0,0,0,4,0,8,0,-5,0,44,5,0,0,0,3,0,2,0,1,0.4,56031,0,19,0,1,1096,0,0,1,125,
Clinton,N'Jie,FWD,TOT,5900000,0,0,0,0,0,0,2021,0,0,0,0,0,0,0,0,0,-1,0,0,1,0,0,0,0,0,0,0,0,0,521,0,38,0,0,0,0,0,0,0,
Georges-Kevin,Nkoudou,MID,TOT,6800000,0,8,0.072072072,1.06E-08,1.18E-06,0,663,0,0,0,0,0,0,0,1.2,0,-2,0,8,2,0,0,0,0,0,0,0,0,0,646,0,0,0,0,54,0,0,0,25,
Mark,Noble,MID,WHU,6200000,0,71,2.4,3.87E-07,1.15E-05,0,132809,10,40,0,0,0,3,0,11.5,0,-3,0,71,3,0,1,0,5,0,8,0,0,1.2,22537,0,581,0,1,2389,0,0,0,389,
,Nolito,MID,MCI,8400000,0,54,0.486486486,5.79E-08,6.43E-06,0,258323,3,7,0,0,0,4,0,6.4,0,-6,0,54,6,0,0,0,2,0,3,0,3,1,213655,0,0,0,1,777,0,0,1,170,
Kristoffer,Nordfeldt,GLK,SWA,3900000,3,3,0.027027027,6.93E-09,7.69E-07,0,56296,0,1,0,4,0,0,0,0.8,0,-1,0,3,1,0,0,0,0,0,0,0,0,3.4,78812,0,10,0,0,90,0,0,0,12,
Havard,Nordtveit,MID,WHU,4700000,0,31,0.279279279,5.94E-08,6.60E-06,0,5249,2,20,0,0,0,0,0,6.6,0,-3,0,31,3,0,0,0,0,0,3,0,1,0.1,1633,0,0,0,0,957,0,0,0,160,
,Nsue,DEF,MID,4100000,0,10,2.5,6.10E-07,2.44E-06,0,27388,0,5,0,0,0,0,0,2.4,0,-4,0,10,4,0,0,0,0,0,1,0,0,0.2,11301,0,0,0,0,320,0,0,0,49,
David,Nugent,FWD,MID,4600000,0,4,1,2.17E-07,8.70E-07,0,31594,0,0,0,0,0,0,0,0.9,0,-4,0,4,4,0,0,0,0,0,0,0,0,0.2,10034,0,0,0,0,43,0,0,0,11,
Allan-Romeo,Nyom,DEF,WBA,4400000,1,74,2.3,5.23E-07,1.68E-05,0,109663,8,39,0,0,0,0,0,16.8,0,-1,0,74,1,0,0,0,6,0,5,0,2,1.3,124417,0,275,0,1,2638,0,0,0,419,
Pedro,Obiang,MID,WHU,4300000,0,55,2.5,5.81E-07,1.28E-05,0,47110,7,32,0,0,0,1,0,12.8,0,-2,0,55,2,0,0,0,6,0,4,0,2,0.3,45243,0,163,0,1,1763,0,0,0,331,
Moses,Odubajo,DEF,HUL,4400000,0,0,0,0,0,0,471,0,0,0,0,0,0,0,0,0,-1,0,0,1,0,0,0,0,0,0,0,0,0,419,0,0,0,0,0,0,0,0,0,
Angelo,Ogbonna,DEF,WHU,4700000,2,45,2.3,4.89E-07,9.57E-06,0,49835,2,31,0,0,0,0,0,9.6,0,-3,0,45,3,0,0,0,2,0,4,0,0,0.7,20365,0,284,0,0,1755,0,0,0,322,
Kieran,O'Hara,GLK,MUN,4000000,0,0,0,0,0,0,0,0,0,0,0,0,0,0,0,0,0,0,0,0,0,0,0,0,0,0,0,0,0,0,0,0,0,0,0,0,0,0,0,
Stefano,Okaka,FWD,WAT,5100000,2,43,0.387387387,7.60E-08,8.43E-06,0,25623,5,23,0,0,0,4,0,8.4,0,-4,0,43,4,0,0,0,3,0,2,0,0,0.1,29003,0,0,0,1,959,0,0,0,157,
Eunan,O'Kane,MID,BOU,4400000,0,0,0,0,0,0,11094,0,0,0,0,0,0,0,0,0,-1,0,0,1,0,0,0,0,0,0,0,0,0.3,1488,0,84,0,0,0,0,0,0,0,
Shinji,Okazaki,FWD,LEI,5600000,0,63,2.1,3.75E-07,1.13E-05,0,145564,1,26,0,0,0,3,0,11.3,0,-4,0,63,4,0,0,0,3,0,7,0,1,1.6,106927,0,320,0,0,1565,0,0,0,220,
Greg,Olley,MID,HUL,4300000,0,0,0,0,0,0,1746,0,0,0,0,0,0,0,0,0,-2,0,0,2,0,0,0,0,0,0,0,0,0,2855,0,0,0,0,0,0,0,0,0,
Olufela,Olomola,MID,SOU,4400000,0,0,0,0,0,0,351,0,0,0,0,0,0,0,0,0,-1,0,0,1,0,0,0,0,0,0,0,0,0,480,0,0,0,0,0,0,0,0,0,
Jonas,Olsson,DEF,WBA,4200000,0,8,1.1,2.62E-07,1.90E-06,0,36703,3,13,0,0,0,0,0,1.9,0,-3,0,8,3,0,0,0,0,0,1,0,0,0.5,16716,0,261,0,0,590,0,0,0,60,
Martin,Olsson,DEF,SWA,4100000,2,52,0.468468468,1.14E-07,1.27E-05,0,42344,2,18,0,0,0,2,0,12.7,0,-4,0,52,4,0,0,0,3,0,4,0,0,0.8,77636,0,0,0,1,1252,0,0,0,234,
Aiden,O'Neill,MID,BUR,4300000,0,3,1,2.33E-07,6.98E-07,0,1771,0,4,0,0,0,0,0,0.7,0,-2,0,3,2,0,0,0,0,0,0,0,0,0,1623,0,0,0,0,85,0,0,0,16,
Joshua,Onomah,MID,TOT,4200000,0,5,0.045045045,1.07E-08,1.19E-06,0,4644,0,0,0,0,0,0,0,1.2,0,-3,0,5,3,0,0,0,0,0,0,0,0,0.1,4228,0,17,0,0,22,0,0,0,17,
Divock,Origi,FWD,LIV,6000000,1,96,2.8,4.67E-07,1.60E-05,0,881082,0,18,0,0,0,7,0,16,0,-10,0,96,10,0,0,0,8,0,7,0,4,5.5,862580,0,200,0,1,1469,0,0,0,297,
,Oriol Romeu,MID,SOU,4400000,2,80,2.3,5.23E-07,1.82E-05,0,45249,11,42,0,0,0,1,0,18.2,0,-1,0,80,1,0,0,0,4,0,13,0,0,0.8,67943,0,239,0,0,3071,0,0,0,566,
,Oscar,MID,CHE,7100000,0,17,1.9,2.68E-07,2.39E-06,0,65676,1,6,0,0,0,0,0,2.4,0,-4,0,17,4,0,0,0,0,0,1,0,1,0.5,23235,0,321,0,0,455,0,0,0,104,
John,O'Shea,DEF,SUN,4400000,0,47,1.7,3.86E-07,1.07E-05,0,21686,5,42,0,0,0,0,0,10.7,0,-1,0,47,1,0,0,0,3,0,3,0,1,0.4,8601,0,193,0,0,2158,0,0,0,335,
David,Ospina,GLK,ARS,4700000,0,2,0.018018018,3.83E-09,4.26E-07,0,7905,0,4,0,4,0,0,0,0.4,0,-3,0,2,3,0,0,0,0,0,0,0,0,0.2,3433,0,56,0,0,143,0,0,0,18,
Nicolas,Otamendi,DEF,MCI,5900000,6,100,3.3,5.59E-07,1.69E-05,0,133996,9,28,0,0,0,1,0,16.9,0,-1,0,100,1,0,0,0,10,0,9,0,2,3.2,106365,0,353,0,2,2592,0,0,0,640,
Mamadou Obbi,Oulare,FWD,WAT,4500000,0,0,0,0,0,0,819,0,0,0,0,0,0,0,0,0,0,0,0,0,0,0,0,0,0,0,0,0,0,515,0,0,0,0,0,0,0,0,0,
Bryan,Oviedo,MID,SUN,4200000,2,29,0.261261261,6.22E-08,6.90E-06,0,14458,4,26,0,0,0,0,0,6.9,0,-3,0,29,3,0,0,0,0,0,3,0,0,0.1,12349,0,130,0,0,1323,0,0,0,223,
Reece,Oxford,DEF,WHU,4200000,0,0,0,0,0,0,19991,0,0,0,0,0,0,0,0,0,-3,0,0,3,0,0,0,0,0,0,0,0,0.3,2706,0,28,0,0,0,0,0,0,0,
Mesut,Ozil,MID,ARS,9500000,5,167,5.1,5.37E-07,1.76E-05,0,629467,2,30,0,0,0,8,0,17.6,0,0,0,167,0,0,0,0,19,0,12,0,11,7.5,647540,0,783,0,3,2841,0,0,0,729,
Alex,Palmer,GLK,WBA,4000000,0,0,0,0,0,0,2115,0,0,0,0,0,0,0,0,0,0,0,0,0,0,0,0,0,0,0,0,0,0,2796,0,0,0,0,0,0,0,0,0,
Costel,Pantilimon,GLK,WAT,4200000,0,2,0.018018018,4.29E-09,4.76E-07,0,15563,0,4,0,6,0,0,0,0.5,0,-3,0,2,3,0,0,0,0,0,0,0,0,0.4,2854,0,146,0,0,83,0,0,0,20,
Juan Carlos,Paredes,DEF,WAT,4000000,0,0,0,0,0,0,459237,0,0,0,0,0,0,0,0,0,0,0,0,0,0,0,0,0,0,0,0,0,3.8,14475,0,88,0,0,0,0,0,0,0,
,Pau Lopez,GLK,TOT,4900000,0,0,0,0,0,0,628,0,0,0,0,0,0,0,0,0,-1,0,0,1,0,0,0,0,0,0,0,0,0,644,0,0,0,0,0,0,0,0,0,
Dimitri,Payet,MID,WHU,9000000,0,81,4.5,5.00E-07,9.00E-06,0,978867,2,28,0,0,0,2,0,9,0,-5,0,81,5,0,0,0,10,0,4,0,8,6.2,248703,0,701,0,1,1513,0,0,0,347,
,Pedro,MID,CHE,6800000,10,162,1.459459459,2.15E-07,2.38E-05,0,798858,6,15,0,0,0,9,0,23.8,0,-7,0,162,7,0,0,0,18,0,15,0,10,8.5,1120602,0,399,0,5,2140,0,0,0,580,
Matthew,Pennington,DEF,EVE,3900000,0,9,0.081081081,2.08E-08,2.31E-06,0,31901,0,6,0,0,0,1,0,2.3,0,-1,0,9,1,0,0,0,0,0,0,0,0,0.9,51556,0,53,0,0,180,0,0,0,37,
Andreas,Pereira,MID,MUN,4400000,0,0,0,0,0,0,2871,0,0,0,0,0,0,0,0,0,-1,0,0,1,0,0,0,0,0,0,0,0,0,761,0,12,0,0,0,0,0,0,0,
Dion,Pereira,MID,WAT,4500000,1,2,0.018018018,4.00E-09,4.44E-07,0,85,0,1,0,0,0,0,0,0.4,0,0,0,2,0,0,0,0,0,0,0,0,0,0,153,0,0,0,0,25,0,0,0,6,
Roberto,Pereyra,MID,WAT,5800000,0,43,3.3,5.69E-07,7.41E-06,0,62389,2,17,0,0,0,2,0,7.4,0,-2,0,43,2,0,0,0,2,0,3,0,3,0.2,63393,0,0,0,0,1036,0,0,1,186,
Lucas,Perez,FWD,ARS,7800000,0,20,0.18018018,2.31E-08,2.56E-06,0,42454,0,2,0,0,0,1,0,2.6,0,-7,0,20,7,0,0,0,0,0,1,0,1,0.1,41861,0,0,0,0,272,0,0,0,83,
Matt,Phillips,MID,WBA,5300000,0,115,4.3,8.11E-07,2.17E-05,0,1104770,2,28,0,0,0,4,0,21.7,0,-2,0,115,2,0,0,0,12,0,6,0,9,4,1218528,0,0,0,2,2181,0,0,0,357,
Michael,Phillips,MID,CRY,4500000,0,0,0,0,0,0,548,0,0,0,0,0,0,0,0,0,0,0,0,0,0,0,0,0,0,0,0,0,0,746,0,0,0,0,0,0,0,0,0,
Jordan,Pickford,GLK,SUN,4200000,1,102,3.5,8.33E-07,2.43E-05,0,454041,0,50,0,135,0,0,0,24.3,0,2,0,102,-2,0,0,0,9,0,4,0,0,11,563596,0,18,0,3,2610,0,0,0,608,
Jeremy,Pied,DEF,SOU,4700000,1,5,0.045045045,9.58E-09,1.06E-06,0,2815,0,1,0,0,0,0,0,1.1,0,-3,0,5,3,0,0,0,0,0,0,0,0,0,353,0,0,0,0,129,0,0,0,24,
Steven,Pienaar,MID,SUN,4800000,0,15,0.135135135,2.82E-08,3.13E-06,0,1079,5,13,0,0,0,0,0,3.1,0,-2,0,15,2,0,0,0,0,0,2,0,0,0,972,0,0,0,0,802,0,0,1,77,
Erik,Pieters,DEF,STK,4600000,6,103,2.9,6.30E-07,2.24E-05,0,389505,5,50,0,0,0,0,0,22.4,0,1,0,103,-1,0,0,0,9,0,10,0,2,6.7,477400,0,388,0,1,3151,0,0,0,614,
Alex,Pike,DEF,WHU,4000000,0,0,0,0,0,0,1396,0,0,0,0,0,0,0,0,0,0,0,0,0,0,0,0,0,0,0,0,0,0,1795,0,0,0,0,0,0,0,0,0,
Sebastien,Pocognoli,DEF,WBA,4000000,0,0,0,0,0,0,19290,0,0,0,0,0,0,0,0,0,0,0,0,0,0,0,0,0,0,0,0,0,0.2,1964,0,16,0,0,0,0,0,0,0,
Paul,Pogba,MID,MUN,8200000,12,115,3.8,4.63E-07,1.40E-05,0,867047,7,21,0,0,0,5,0,14,0,-3,0,115,3,0,0,0,14,0,13,0,4,7.3,654531,0,0,0,2,2608,0,0,0,512,
Nick,Pope,GLK,BUR,3900000,0,0,0,0,0,0,55313,0,0,0,0,0,0,0,0,0,-1,0,0,1,0,0,0,0,0,0,0,0,2.5,64676,0,0,0,0,0,0,0,0,0,
Alex,Pritchard,MID,TOT,4500000,0,0,0,0,0,0,233,0,0,0,0,0,0,0,0,0,0,0,0,0,0,0,0,0,0,0,0,0,0,80,0,-4,0,0,0,0,0,0,0,
Sebastian,Prodl,DEF,WAT,4300000,0,67,2,4.65E-07,1.56E-05,0,95009,10,49,0,0,0,1,0,15.6,0,-2,0,67,2,0,0,0,3,0,5,0,2,0.8,115809,0,181,0,1,2770,0,0,1,441,
Marc,Pugh,MID,BOU,4600000,2,64,0.576576577,1.25E-07,1.39E-05,0,13978,1,24,0,0,0,2,0,13.9,0,-4,0,64,4,0,0,0,6,0,5,0,3,0.4,27133,0,245,0,2,1329,0,0,0,224,
Jason,Puncheon,MID,CRY,5100000,2,92,2.6,5.10E-07,1.80E-05,0,104511,9,53,0,0,0,0,0,18,0,-4,0,92,4,0,0,0,6,0,7,0,6,0.7,82519,0,381,0,0,3093,0,0,0,500,
Domingos,Quina,MID,WHU,4500000,0,0,0,0,0,0,206,0,0,0,0,0,0,0,0,0,0,0,0,0,0,0,0,0,0,0,0,0,0,299,0,0,0,0,0,0,0,0,0,
Gaston,Ramirez,MID,MID,5200000,0,59,0.531531532,1.02E-07,1.13E-05,0,111019,8,22,0,0,0,2,0,11.3,0,-3,0,59,3,0,0,0,6,0,6,0,3,0.5,79693,0,0,0,0,1539,0,0,1,244,
Aaron,Ramsdale,GLK,BOU,4000000,0,0,0,0,0,0,0,0,0,0,0,0,0,0,0,0,0,0,0,0,0,0,0,0,0,0,0,0,0,0,0,0,0,0,0,0,0,0,0,
Aaron,Ramsey,MID,ARS,7600000,10,56,0.504504505,6.64E-08,7.37E-06,0,154794,3,20,0,0,0,1,0,7.4,0,-4,0,56,4,0,0,0,3,0,4,0,4,1.1,27952,0,558,0,0,1236,0,0,0,240,
Connor,Randall,DEF,LIV,3900000,0,0,0,0,0,0,67705,0,0,0,0,0,0,0,0,0,-1,0,0,1,0,0,0,0,0,0,0,0,1.7,93659,0,30,0,0,0,0,0,0,0,
Darren,Randolph,GLK,WHU,4400000,0,69,3.1,7.05E-07,1.57E-05,0,66629,1,39,0,64,0,0,0,15.7,0,-1,0,69,1,0,0,0,5,0,4,0,0,1.3,87599,0,56,1,1,1980,0,0,0,370,
Angel,Rangel,DEF,SWA,4100000,0,26,0.234234234,5.71E-08,6.34E-06,0,15697,1,24,0,0,0,1,0,6.3,0,-4,0,26,4,0,0,0,1,0,1,0,0,0.2,6830,0,194,0,0,831,0,0,0,190,
Andrea,Ranocchia,DEF,HUL,4500000,-1,55,0.495495495,1.10E-07,1.22E-05,0,33709,2,31,0,0,0,2,0,12.2,0,0,0,55,0,0,0,0,9,0,3,0,2,1.3,86744,0,0,0,2,1330,0,0,0,299,
Tokelo,Rantie,FWD,BOU,4500000,0,0,0,0,0,0,14527,0,0,0,0,0,0,0,0,0,0,0,0,0,0,0,0,0,0,0,0,0,0.3,2145,0,3,0,0,0,0,0,0,0,
Marcus,Rashford,FWD,MUN,6400000,0,76,2.4,3.75E-07,1.19E-05,0,915212,3,15,0,0,0,5,0,11.9,0,-6,0,76,6,0,0,0,2,0,7,0,3,10.6,1112776,0,237,0,0,1712,0,0,0,287,
Adam,Reach,MID,MID,4400000,0,0,0,0,0,0,2381,0,0,0,0,0,0,0,0,0,-1,0,0,1,0,0,0,0,0,0,0,0,0,507,0,0,0,0,0,0,0,0,0,
Nathan,Redmond,MID,SOU,5900000,2,126,3.4,5.76E-07,2.14E-05,0,757432,2,40,0,0,0,7,0,21.4,0,-1,0,126,1,0,0,0,13,0,12,0,1,7.4,776141,0,379,0,1,2898,0,0,1,483,
Harrison,Reed,MID,SOU,4300000,0,3,0.027027027,6.29E-09,6.98E-07,0,3073,0,1,0,0,0,0,0,0.7,0,-2,0,3,2,0,0,0,0,0,0,0,0,0.1,2088,0,1,0,0,64,0,0,0,16,
Winston,Reid,DEF,WHU,4900000,0,102,3.4,6.94E-07,2.08E-05,0,290254,8,48,0,0,0,2,0,20.8,0,-1,0,102,1,0,0,0,16,0,9,0,3,2.4,282720,0,294,0,2,2587,0,0,1,622,
Jeff,Reine-Adelaide,MID,ARS,4500000,0,0,0,0,0,0,252,0,0,0,0,0,0,0,0,0,0,0,0,0,0,0,0,0,0,0,0,0,0,305,0,0,0,0,0,0,0,0,0,
Loic,Remy,FWD,CRY,6200000,0,6,0.054054054,8.72E-09,9.68E-07,0,25537,0,3,0,0,0,0,0,1,0,-3,0,6,3,0,0,0,0,0,1,0,0,0.2,18409,0,62,0,0,134,0,0,0,17,
Jordan,Rhodes,FWD,MID,5400000,0,8,1.3,2.41E-07,1.48E-06,0,39226,0,2,0,0,0,0,0,1.5,0,-6,0,8,6,0,0,0,0,0,0,0,0,0.2,3459,0,0,0,0,211,0,0,0,21,
Declan,Rice,MID,WHU,4500000,1,1,0.009009009,2.00E-09,2.22E-07,0,435,0,0,0,0,0,0,0,0.2,0,0,0,1,0,0,0,0,0,0,0,0,0,0,765,0,0,0,0,1,0,0,0,3,
Connor,Roberts,DEF,SWA,4000000,0,0,0,0,0,0,137,0,0,0,0,0,0,0,0,0,0,0,0,0,0,0,0,0,0,0,0,0,0,379,0,0,0,0,0,0,0,0,0,
Andrew,Robertson,DEF,HUL,4400000,0,73,2.2,5.00E-07,1.66E-05,0,111193,5,59,0,0,0,1,0,16.6,0,-1,0,73,1,0,0,0,4,0,5,0,2,1.9,142349,0,0,0,0,2736,0,0,0,488,
Paul,Robinson,GLK,BUR,4000000,0,5,0.045045045,1.13E-08,1.25E-06,0,69248,0,7,0,10,0,0,0,1.3,0,0,0,5,0,0,0,0,0,0,0,0,0,2.3,45869,0,0,0,0,270,0,0,0,45,
Joel,Robles,GLK,EVE,4700000,3,89,4.5,9.57E-07,1.89E-05,0,53030,2,20,0,54,0,0,0,18.9,0,-3,0,89,3,0,0,0,5,0,10,0,1,0.9,76627,0,110,0,1,1737,0,0,0,407,
Hal,Robson-Kanu,FWD,WBA,5000000,1,52,1.8,3.60E-07,1.04E-05,0,43957,3,13,0,0,0,3,0,10.4,0,0,0,52,0,0,0,0,3,0,1,0,2,0.3,51907,0,0,0,0,701,0,0,0,144,
Jay,Rodriguez,MID,SOU,5900000,0,73,0.657657658,1.11E-07,1.24E-05,0,64349,0,15,0,0,0,5,0,12.4,0,-6,0,73,6,0,0,0,8,0,3,0,2,0.3,56513,0,56,0,1,893,0,0,0,170,
Jack,Rodwell,MID,SUN,4300000,2,38,1.9,4.42E-07,8.84E-06,0,88192,4,32,0,0,0,0,0,8.8,0,-2,0,38,2,0,0,0,1,0,2,0,1,0.6,69622,0,112,0,0,1492,0,0,0,200,
Marcos,Rojo,DEF,MUN,5200000,0,77,3.7,7.12E-07,1.48E-05,0,110026,5,13,0,0,0,1,0,14.8,0,-3,0,77,3,0,0,0,7,0,8,0,0,0.7,103924,0,192,0,0,1663,0,0,0,394,
Sergio,Romero,GLK,MUN,4700000,0,23,0.207207207,4.41E-08,4.89E-06,0,4728,0,0,0,10,0,0,0,4.9,0,-3,0,23,3,0,0,0,3,0,2,0,0,0.2,5196,0,40,1,1,180,0,0,0,80,
Salomon,Rondon,FWD,WBA,6300000,2,118,3.1,4.92E-07,1.87E-05,0,885826,2,44,0,0,0,8,0,18.7,0,-2,0,118,2,0,0,0,10,0,6,0,3,4.2,927540,0,354,0,1,2892,0,0,0,287,
Wayne,Rooney,FWD,MUN,8600000,2,76,0.684684685,7.96E-08,8.84E-06,0,286114,8,16,0,0,0,5,0,8.8,0,-4,0,76,4,0,0,0,9,0,6,0,5,2.4,159995,0,509,0,0,1540,0,0,0,322,
Danny,Rose,DEF,TOT,5800000,0,84,4.7,8.10E-07,1.45E-05,0,551919,8,11,0,0,0,2,0,14.5,0,-2,0,84,2,0,0,0,6,0,8,0,3,4.3,389382,0,346,0,2,1530,0,0,0,357,
Jack,Rose,GLK,WBA,4000000,0,0,0,0,0,0,5683,0,0,0,0,0,0,0,0,0,0,0,0,0,0,0,0,0,0,0,0,0,0.2,9725,0,0,0,0,0,0,0,0,0,
Wayne,Routledge,MID,SWA,4500000,0,74,2.7,6.00E-07,1.64E-05,0,60527,1,42,0,0,0,3,0,16.4,0,-5,0,74,5,0,0,0,2,0,5,0,2,0.3,48106,0,269,0,0,1917,0,0,0,228,
Charlie,Rowan,DEF,WAT,4000000,0,0,0,0,0,0,500,0,0,0,0,0,0,0,0,0,0,0,0,0,0,0,0,0,0,0,0,0,0,999,0,0,0,0,0,0,0,0,0,
Bacary,Sagna,DEF,MCI,5300000,1,55,0.495495495,9.35E-08,1.04E-05,0,238985,2,14,0,0,0,0,0,10.4,0,-2,0,55,2,0,0,0,3,0,6,0,1,1.7,35948,0,386,0,1,1346,0,0,0,316,
Diafra,Sakho,FWD,WHU,5700000,0,12,3,5.26E-07,2.11E-06,0,8791,0,4,0,0,0,1,0,2.1,0,-3,0,12,3,0,0,0,2,0,0,0,0,0.1,5106,0,286,0,0,181,0,0,0,32,
Mamadou,Sakho,DEF,CRY,4700000,0,35,4.4,9.36E-07,7.45E-06,0,81498,0,6,0,0,0,0,0,7.4,0,-3,0,35,3,0,0,0,6,0,4,0,0,0.6,97004,0,273,0,1,686,0,0,0,155,
Bakary,Sako,MID,CRY,5300000,1,7,0.063063063,1.19E-08,1.32E-06,0,1458,0,5,0,0,0,0,0,1.3,0,-2,0,7,2,0,0,0,0,0,0,0,0,0,1004,0,220,0,0,142,0,0,0,29,
Alexis,Sanchez,MID,ARS,11700000,9,264,6.9,5.90E-07,2.26E-05,0,1714802,6,41,0,0,0,24,0,22.6,0,7,0,264,-7,0,1,0,32,0,13,0,11,29.7,2498884,0,690,0,9,3217,0,0,0,834,
Leroy,Sane,MID,MCI,7700000,6,105,0.945945946,1.23E-07,1.36E-05,0,232425,4,15,0,0,0,5,0,13.6,0,-3,0,105,3,0,0,0,8,0,9,0,7,7.5,532293,0,0,0,0,1781,0,0,0,343,
Yaya,Sanogo,FWD,ARS,4600000,0,0,0,0,0,0,9537,0,0,0,0,0,0,0,0,0,-4,0,0,4,0,0,0,0,0,0,0,0,0.1,4039,0,0,0,0,0,0,0,0,0,
Jeffrey,Schlupp,DEF,CRY,4700000,1,47,0.423423423,9.01E-08,1.00E-05,0,23178,0,17,0,0,0,0,0,10,0,-3,0,47,3,0,0,0,4,0,3,0,2,0.3,16146,0,236,0,0,1139,0,0,0,237,
Kasper,Schmeichel,GLK,LEI,4900000,3,109,3.6,7.35E-07,2.22E-05,0,409193,1,47,0,113,0,0,0,22.2,0,-1,0,109,1,0,0,0,10,0,8,0,0,6,125751,0,475,0,1,2666,0,0,0,585,
Morgan,Schneiderlin,MID,EVE,4500000,1,37,0.333333333,7.41E-08,8.22E-06,0,49078,2,14,0,0,0,1,0,8.2,0,-5,0,37,5,0,0,0,1,0,5,0,0,0.4,49537,0,317,0,1,1073,0,0,0,214,
Bastian,Schweinsteiger,MID,MUN,5100000,0,0,0,0,0,0,7255,0,0,0,0,0,0,0,0,0,-4,0,0,4,0,0,0,0,0,0,0,0,0.1,1738,0,200,0,0,0,0,0,0,0,
Xherdan,Shaqiri,MID,STK,6000000,2,80,3.8,6.33E-07,1.33E-05,0,488455,2,21,0,0,0,4,0,13.3,0,-5,0,80,5,0,0,0,8,0,8,0,2,3,263949,0,302,0,2,1699,0,0,0,275,
Samuel,Shashoua,MID,TOT,4500000,0,0,0,0,0,0,4,0,0,0,0,0,0,0,0,0,0,0,0,0,0,0,0,0,0,0,0,0,0,21,0,0,0,0,0,0,0,0,0,
Luke,Shaw,DEF,MUN,5200000,0,45,4.1,7.88E-07,8.65E-06,0,869809,1,6,0,0,0,0,0,8.7,0,-3,0,45,3,0,0,0,4,0,4,0,3,6.4,382600,0,92,0,2,688,0,0,0,202,
Ryan,Shawcross,DEF,STK,4900000,6,94,2.7,5.51E-07,1.92E-05,0,113470,6,53,0,0,0,1,0,19.2,0,-1,0,94,1,0,0,0,6,0,9,0,2,1.7,92207,2,176,0,2,3150,0,0,0,549,
,Sheyi Ojo,MID,LIV,4700000,0,0,0,0,0,0,999,0,0,0,0,0,0,0,0,0,-3,0,0,3,0,0,0,0,0,0,0,0,0,325,0,81,0,0,0,0,0,0,0,
Gylfi,Sigurdsson,MID,SWA,7400000,2,181,4.8,6.49E-07,2.45E-05,0,1172231,2,70,0,0,0,9,0,24.5,0,-1,0,181,1,0,0,0,18,0,7,0,13,10.8,1311202,0,586,0,4,3327,0,0,0,684,
David,Silva,MID,MCI,8600000,3,130,3.8,4.42E-07,1.51E-05,0,265867,6,32,0,0,0,4,0,15.1,0,-4,0,130,4,0,0,0,12,0,12,0,9,2.8,152997,0,351,0,1,2760,0,0,0,621,
Danny,Simpson,DEF,LEI,4900000,1,85,2.4,4.90E-07,1.73E-05,0,108361,12,50,0,0,0,0,0,17.3,0,-1,0,85,1,0,0,0,4,0,9,0,3,2.1,91501,0,390,0,1,2988,0,0,0,529,
Joshua,Sims,MID,SOU,4100000,0,12,0.108108108,2.64E-08,2.93E-06,0,26899,0,1,0,0,0,0,0,2.9,0,-4,0,12,4,0,0,0,0,0,1,0,1,0.3,36478,0,0,0,0,211,0,0,0,48,
Jerome,Sinclair,FWD,WAT,4800000,0,6,1.2,2.50E-07,1.25E-06,0,18512,0,1,0,0,0,0,0,1.3,0,-2,0,6,2,0,0,0,0,0,0,0,0,0.2,7400,0,0,0,0,116,0,0,0,11,
Moussa,Sissoko,MID,TOT,6600000,1,43,0.387387387,5.87E-08,6.52E-06,0,14151,3,5,0,0,0,0,0,6.5,0,-4,0,43,4,0,0,0,0,0,4,0,3,0.1,13286,0,0,0,0,909,0,0,0,162,
Islam,Slimani,FWD,LEI,8200000,5,83,0.747747748,9.12E-08,1.01E-05,0,156110,1,23,0,0,0,7,0,10.1,0,-3,0,83,3,0,0,0,9,0,5,0,4,0.6,157519,0,0,0,1,1281,0,0,0,271,
Chris,Smalling,DEF,MUN,5800000,0,52,0.468468468,8.08E-08,8.97E-06,0,62370,0,16,0,0,0,1,0,9,0,-2,0,52,2,0,0,0,1,0,4,0,1,1.1,29061,0,381,0,0,1217,0,0,0,282,
Adam,Smith,DEF,BOU,4600000,2,104,2.9,6.30E-07,2.26E-05,0,532703,6,61,0,0,0,1,0,22.6,0,1,0,104,-1,0,0,0,12,0,8,0,5,7,700992,1,297,0,1,3101,0,0,0,645,
Bradley,Smith,DEF,BOU,3900000,0,4,0.036036036,9.24E-09,1.03E-06,0,169802,1,9,0,0,0,0,0,1,0,-1,0,4,1,0,0,0,0,0,0,0,0,2.5,89956,0,35,0,0,269,0,0,0,35,
Robert,Snodgrass,MID,WHU,5500000,2,133,3.8,6.91E-07,2.42E-05,0,1069575,2,56,0,0,0,7,0,24.2,0,0,0,133,0,0,0,0,16,0,3,0,6,6.3,1225580,0,0,0,2,2548,0,0,0,503,
Ramadan,Sobhi,MID,STK,4800000,2,36,0.324324324,6.76E-08,7.50E-06,0,49755,2,11,0,0,0,0,0,7.5,0,-7,0,36,7,0,0,0,1,0,5,0,2,0.5,28148,0,0,0,0,855,0,0,0,151,
Dominic,Solanke,FWD,CHE,5000000,0,0,0,0,0,0,769,0,0,0,0,0,0,0,0,0,0,0,0,0,0,0,0,0,0,0,0,0,0,901,0,0,0,0,0,0,0,0,0,
Heung-Min,Son,MID,TOT,7200000,5,174,5.1,7.08E-07,2.42E-05,0,1013071,2,18,0,0,0,14,0,24.2,0,-3,0,174,3,0,0,0,13,0,10,0,9,11,1431312,0,244,0,4,2063,0,0,0,512,
Pape,Souare,DEF,CRY,4100000,0,6,2,4.88E-07,1.46E-06,0,54103,0,3,0,0,0,0,0,1.5,0,-4,0,6,4,0,0,0,0,0,0,0,0,0.2,20773,0,354,0,0,270,0,0,0,37,
Julian,Speroni,GLK,CRY,4300000,0,0,0,0,0,0,7439,0,0,0,0,0,0,0,0,0,-2,0,0,2,0,0,0,0,0,0,0,0,0.2,1309,0,13,0,0,0,0,0,0,0,
Raphael,Spiegel,GLK,WHU,4000000,0,0,0,0,0,0,3967,0,0,0,0,0,0,0,0,0,0,0,0,0,0,0,0,0,0,0,0,0,0.2,9302,0,0,0,0,0,0,0,0,0,
Junior,Stanislas,MID,BOU,4600000,9,107,5.1,1.11E-06,2.33E-05,0,294179,1,29,0,0,0,7,0,23.3,0,-9,0,107,9,0,0,0,13,0,4,0,6,1.3,335334,0,217,0,1,1467,0,0,0,372,
Maarten,Stekelenburg,GLK,EVE,4700000,0,68,3.6,7.66E-07,1.45E-05,0,218459,2,24,0,43,0,0,0,14.5,0,-3,0,68,3,0,0,0,3,0,4,0,0,1.7,206572,1,151,2,1,1683,0,0,0,309,
Jack,Stephens,DEF,SOU,4200000,1,60,0.540540541,1.29E-07,1.43E-05,0,36940,1,24,0,0,0,0,0,14.3,0,2,0,60,-2,0,0,0,10,0,6,0,1,5.2,250492,0,0,0,0,1471,0,0,0,341,
Raheem,Sterling,MID,MCI,7500000,0,149,4.5,6.00E-07,1.99E-05,0,1889628,7,27,0,0,0,7,0,19.9,0,-5,0,149,5,0,0,0,11,0,9,0,14,10.6,2147455,0,400,0,2,2509,0,0,0,468,
,Steve Cook,DEF,BOU,4800000,2,112,2.9,6.04E-07,2.33E-05,0,158758,5,67,0,0,0,2,0,23.3,0,-2,0,112,2,0,0,0,17,0,10,0,0,3.2,252167,1,443,0,1,3420,0,0,0,777,
Carl,Stewart,MID,WAT,4500000,0,0,0,0,0,0,235,0,0,0,0,0,0,0,0,0,0,0,0,0,0,0,0,0,0,0,0,0,0,331,0,0,0,0,0,0,0,0,0,
Kevin,Stewart,DEF,LIV,4200000,0,4,0.036036036,8.58E-09,9.52E-07,0,5665,0,0,0,0,0,0,0,1,0,-3,0,4,3,0,0,0,0,0,0,0,0,0.1,2968,0,69,0,0,20,0,0,0,12,
John,Stones,DEF,MCI,4600000,0,59,2.2,4.78E-07,1.28E-05,0,1342211,1,29,0,0,0,0,0,12.8,0,-4,0,59,4,0,0,0,4,0,4,0,0,13.3,593898,0,336,0,0,2014,0,0,0,435,
Maksymilian,Stryjek,GLK,SUN,4000000,0,0,0,0,0,0,2922,0,0,0,0,0,0,0,0,0,0,0,0,0,0,0,0,0,0,0,0,0,0.1,4485,0,0,0,0,0,0,0,0,0,
Cristhian,Stuani,FWD,MID,4600000,0,54,2.3,5.00E-07,1.17E-05,0,450227,4,15,0,0,0,4,0,11.7,0,-4,0,54,4,0,0,0,4,0,4,0,0,2.4,487812,0,0,0,1,1355,0,0,0,203,
Daniel,Sturridge,FWD,LIV,9700000,5,54,2.7,2.78E-07,5.57E-06,0,99153,1,7,0,0,0,3,0,5.6,0,-3,0,54,3,0,0,0,2,0,3,0,5,1.9,120356,0,283,0,0,775,0,0,0,180,
Mario,Suarez,MID,WAT,4500000,0,0,0,0,0,0,7164,0,0,0,0,0,0,0,0,0,0,0,0,0,0,0,0,0,0,0,0,0,0.1,337,0,69,0,0,0,0,0,0,0,
Isaac,Success,MID,WAT,5700000,0,28,0.252252252,4.43E-08,4.91E-06,0,4695,2,9,0,0,0,1,0,4.9,0,-3,0,28,3,0,0,0,0,0,1,0,1,0,2391,0,0,0,0,519,0,0,0,87,
Andrew,Surman,MID,BOU,4600000,2,44,2,4.35E-07,9.57E-06,0,9703,1,38,0,0,0,0,0,9.6,0,-4,0,44,4,0,0,0,0,0,4,0,1,0.1,2544,0,385,0,0,1800,0,0,1,288,
Sam,Surridge,FWD,BOU,4500000,0,0,0,0,0,0,0,0,0,0,0,0,0,0,0,0,0,0,0,0,0,0,0,0,0,0,0,0,0,0,0,0,0,0,0,0,0,0,0,
Franck,Tabanou,DEF,SWA,4400000,0,0,0,0,0,0,1617,0,0,0,0,0,0,0,0,0,-1,0,0,1,0,0,0,0,0,0,0,0,0,123,0,0,0,0,0,0,0,0,0,
Dusan,Tadic,MID,SOU,6900000,2,108,3.3,4.78E-07,1.57E-05,0,285911,4,29,0,0,0,3,0,15.7,0,-6,0,108,6,0,1,0,4,0,13,0,7,2,163774,0,564,0,1,2411,0,0,0,376,
Matt,Targett,DEF,SOU,4100000,0,12,0.108108108,2.64E-08,2.93E-06,0,37697,0,4,0,0,0,0,0,2.9,0,-4,0,12,4,0,0,0,0,0,1,0,0,0.2,14063,0,169,0,0,373,0,0,0,80,
James,Tarkowski,DEF,BUR,4000000,1,23,0.207207207,5.18E-08,5.75E-06,0,83844,1,11,0,0,0,0,0,5.8,0,0,0,23,0,0,0,0,0,0,1,0,0,1.8,82824,0,0,0,0,568,0,0,0,111,
Joel,Taylor,DEF,STK,4000000,0,0,0,0,0,0,437,0,0,0,0,0,0,0,0,0,0,0,0,0,0,0,0,0,0,0,0,0,0,530,0,0,0,0,0,0,0,0,0,
Neil,Taylor,DEF,SWA,4100000,0,22,2,4.88E-07,5.37E-06,0,65601,1,26,0,0,0,0,0,5.4,0,-4,0,22,4,0,0,0,0,0,2,0,1,0.1,25730,0,321,0,0,920,0,0,0,160,
Stuart,Taylor,GLK,SOU,4000000,0,0,0,0,0,0,2866,0,0,0,0,0,0,0,0,0,0,0,0,0,0,0,0,0,0,0,0,0,0.1,4916,0,0,0,0,0,0,0,0,0,
Dionatan do Nascimento,Teixeira,DEF,STK,4000000,0,0,0,0,0,0,33839,0,0,0,0,0,0,0,0,0,0,0,0,0,0,0,0,0,0,0,0,0,0.4,3510,0,12,0,0,0,0,0,0,0,
John,Terry,DEF,CHE,5200000,1,21,0.189189189,3.64E-08,4.04E-06,0,188863,1,9,0,0,0,1,0,4,0,-3,0,21,3,0,0,0,0,0,1,0,0,1.9,76770,0,228,0,0,496,0,0,0,97,
,Thomas Robson,DEF,SUN,4000000,0,0,0,0,0,0,5053,0,0,0,0,0,0,0,0,0,0,0,0,0,0,0,0,0,0,0,0,0,0.1,5860,0,0,0,0,0,0,0,0,0,
James,Tomkins,DEF,CRY,4800000,1,75,0.675675676,1.41E-07,1.56E-05,0,23106,4,36,0,0,0,3,0,15.6,0,-2,0,75,2,0,0,0,5,0,6,0,0,0.2,22035,0,221,0,2,1974,0,0,0,359,
Gokhan,Tore,MID,WHU,5300000,0,10,2,3.77E-07,1.89E-06,0,10995,0,4,0,0,0,0,0,1.9,0,-2,0,10,2,0,0,0,0,0,1,0,1,0.1,9048,0,0,0,0,240,0,0,0,29,
,Tosin Adarabioyo,DEF,MCI,4500000,0,0,0,0,0,0,242,0,0,0,0,0,0,0,0,0,0,0,0,0,0,0,0,0,0,0,0,0,0,307,0,0,0,0,0,0,0,0,0,
Andros,Townsend,MID,CRY,5700000,0,116,3.2,5.61E-07,2.04E-05,0,331701,4,38,0,0,0,3,0,20.4,0,-8,0,116,8,0,0,0,16,0,7,0,7,2.2,182943,0,315,0,2,2520,0,0,0,492,
Bertrand,Traore,MID,CHE,5400000,0,0,0,0,0,0,2421,0,0,0,0,0,0,0,0,0,-1,0,0,1,0,0,0,0,0,0,0,0,0,245,0,101,0,0,0,0,0,0,0,
Adama,Traore,MID,MID,4800000,0,52,0.468468468,9.76E-08,1.08E-05,0,26708,1,22,0,0,0,0,0,10.8,0,-2,0,52,2,0,0,0,2,0,6,0,1,0.1,31023,0,0,0,0,1543,0,0,0,264,
Gerhard,Tremmel,GLK,SWA,4000000,0,0,0,0,0,0,0,0,0,0,0,0,0,0,0,0,0,0,0,0,0,0,0,0,0,0,0,0,0,0,0,0,0,0,0,0,0,0,0,
Kieran,Trippier,DEF,TOT,4700000,8,51,0.459459459,9.78E-08,1.09E-05,0,22786,1,3,0,0,0,0,0,10.9,0,-3,0,51,3,0,0,0,7,0,3,0,5,0.4,32714,0,110,0,3,568,0,0,0,202,
Axel,Tuanzebe,DEF,MUN,4000000,6,14,0.126126126,3.15E-08,3.50E-06,0,554,0,4,0,0,0,0,0,3.5,0,0,0,14,0,0,0,0,0,0,2,0,0,0.3,13275,0,0,0,0,303,0,0,0,69,
Josh,Tymon,DEF,HUL,4000000,0,9,0.081081081,2.03E-08,2.25E-06,0,17952,1,8,0,0,0,0,0,2.3,0,0,0,9,0,0,0,0,0,0,1,0,0,0.3,26752,0,0,0,0,323,0,0,0,57,
Leonardo,Ulloa,FWD,LEI,5500000,0,24,0.216216216,3.93E-08,4.36E-06,0,15338,0,5,0,0,0,1,0,4.4,0,-5,0,24,5,0,0,0,1,0,2,0,0,0.1,7923,0,226,0,0,447,0,0,0,56,
Fredrik,Ulvestad,MID,BUR,4400000,0,0,0,0,0,0,2387,0,0,0,0,0,0,0,0,0,-1,0,0,1,0,0,0,0,0,0,0,0,0.1,584,0,0,0,0,0,0,0,0,0,
Victor,Valdes,GLK,MID,4500000,0,102,3.6,8.00E-07,2.27E-05,0,334116,1,36,0,79,0,0,0,22.7,0,0,0,102,0,0,0,0,10,0,8,0,0,4.3,210768,0,0,0,3,2520,0,0,0,493,
Antonio,Valencia,DEF,MUN,5800000,0,120,4.3,7.41E-07,2.07E-05,0,1014182,5,20,0,0,0,1,0,20.7,0,3,0,120,-3,0,0,0,9,0,12,0,3,12.4,1104769,0,186,0,2,2483,0,0,0,612,
Enner,Valencia,FWD,EVE,5200000,2,54,2.3,4.42E-07,1.04E-05,0,190074,1,12,0,0,0,3,0,10.4,0,-3,0,54,3,0,0,0,3,0,2,0,3,1.7,126998,0,200,0,0,927,0,0,0,173,
Patrick,van Aanholt,DEF,CRY,4900000,1,98,3.1,6.33E-07,2.00E-05,0,364735,3,53,0,0,0,5,0,20,0,-1,0,98,1,0,0,0,9,0,5,0,1,3.6,284385,0,369,0,4,2498,0,0,0,534,
Mike,van der Hoorn,DEF,SWA,4300000,0,16,0.144144144,3.35E-08,3.72E-06,0,22375,1,20,0,0,0,1,0,3.7,0,-2,0,16,2,0,0,0,0,0,1,0,0,0.2,18145,0,0,0,1,662,0,0,0,125,
Virgil,van Dijk,DEF,SOU,5600000,0,75,3.6,6.43E-07,1.34E-05,0,723277,3,23,0,0,0,1,0,13.4,0,1,0,75,-1,0,0,0,14,0,7,0,0,5.3,420817,0,452,0,3,1852,0,0,1,435,
Marco,Van Ginkel,MID,CHE,4900000,0,0,0,0,0,0,1219,0,0,0,0,0,0,0,0,0,-1,0,0,1,0,0,0,0,0,0,0,0,0,152,0,81,0,0,0,0,0,0,0,
Jamie,Vardy,FWD,LEI,9900000,9,161,4.6,4.65E-07,1.63E-05,0,1298910,2,57,0,0,0,13,0,16.3,0,-1,0,161,1,0,0,0,24,0,7,0,8,13.9,912399,0,945,0,3,2801,0,0,1,555,
Guillermo,Varela,DEF,MUN,4500000,0,0,0,0,0,0,592,0,0,0,0,0,0,0,0,0,0,0,0,0,0,0,0,0,0,0,0,0,0,300,0,36,0,0,0,0,0,0,0,
Thibaud,Verlinden,MID,STK,4500000,0,0,0,0,0,0,200,0,0,0,0,0,0,0,0,0,0,0,0,0,0,0,0,0,0,0,0,0,0,243,0,0,0,0,0,0,0,0,0,
Jan,Vertonghen,DEF,TOT,5800000,2,126,3.8,6.55E-07,2.17E-05,0,435599,5,21,0,0,0,0,0,21.7,0,3,0,126,-3,0,0,0,8,0,15,0,0,7.7,595721,0,335,0,0,2894,0,0,0,733,
Sam,Vokes,FWD,BUR,5700000,8,121,3.3,5.79E-07,2.12E-05,0,317470,0,34,0,0,0,10,0,21.2,0,-3,0,121,3,0,0,0,12,0,5,0,4,3.2,414237,0,0,0,1,2064,0,0,0,394,
Michel,Vorm,GLK,TOT,4800000,0,17,0.153153153,3.19E-08,3.54E-06,0,22416,0,2,0,7,0,0,0,3.5,0,-2,0,17,2,0,0,0,0,0,2,0,0,0.3,18749,0,3,0,0,416,0,0,0,81,
Matej,Vydra,FWD,WAT,4500000,0,1,1,2.22E-07,2.22E-07,0,26851,0,0,0,0,0,0,0,0.2,0,0,0,1,0,0,0,0,0,0,0,0,0,0.3,4288,0,0,0,0,3,0,0,0,3,
Molla,Wague,DEF,LEI,4400000,0,0,0,0,0,0,170,0,0,0,0,0,0,0,0,0,-1,0,0,1,0,0,0,0,0,0,0,0,0,252,0,0,0,0,0,0,0,0,0,
Theo,Walcott,MID,ARS,7200000,0,122,4.4,6.11E-07,1.69E-05,0,1610816,1,26,0,0,0,10,0,16.9,0,-3,0,122,3,0,1,0,7,0,8,0,3,4.2,1654725,0,316,0,2,1916,0,0,0,380,
Kyle,Walker,DEF,TOT,6200000,0,142,4.3,6.94E-07,2.29E-05,0,1405304,8,21,0,0,0,0,0,22.9,0,7,0,142,-7,0,0,0,18,0,14,0,6,27.6,1642297,0,461,0,3,2701,0,0,0,640,
Jonathan,Walters,MID,STK,5300000,1,72,0.648648649,1.22E-07,1.36E-05,0,17650,1,22,0,0,0,4,0,13.6,0,-7,0,72,7,0,0,0,3,0,6,0,3,0.1,12131,0,312,0,0,1304,0,0,0,195,
Aaron,Wan-Bissaka,MID,CRY,4500000,0,0,0,0,0,0,116,0,0,0,0,0,0,0,0,0,0,0,0,0,0,0,0,0,0,0,0,0,0,189,0,0,0,0,0,0,0,0,0,
Victor,Wanyama,MID,TOT,4800000,12,103,2.9,6.04E-07,2.15E-05,0,335423,10,25,0,0,0,4,0,21.5,0,-2,0,103,2,0,0,0,7,0,12,0,2,2.9,342780,0,268,0,2,3012,0,0,0,578,
Joel,Ward,DEF,CRY,4800000,1,86,2.3,4.79E-07,1.79E-05,0,63529,7,63,0,0,0,0,0,17.9,0,-2,0,86,2,0,0,0,7,0,7,0,1,0.9,52775,0,333,0,0,3417,0,0,0,568,
Stephen,Ward,DEF,BUR,4500000,1,91,2.5,5.56E-07,2.02E-05,0,68354,5,53,0,0,0,1,0,20.2,0,0,0,91,0,0,0,0,3,0,8,0,1,1.6,127226,0,0,0,0,3230,0,0,0,596,
James,Ward-Prowse,MID,SOU,5000000,2,92,0.828828829,1.66E-07,1.84E-05,0,63909,4,26,0,0,0,4,0,18.4,0,-5,0,92,5,0,0,0,5,0,9,0,4,1.4,112243,0,266,0,1,1883,0,0,0,377,
Marcin,Wasilewski,DEF,LEI,3900000,0,1,0.009009009,2.31E-09,2.56E-07,0,70324,0,2,0,0,0,0,0,0.3,0,-1,0,1,1,0,0,0,0,0,0,0,0,1.8,94590,0,35,0,0,90,0,0,0,10,
Duncan,Watmore,MID,SUN,4700000,0,43,0.387387387,8.24E-08,9.15E-06,0,16387,1,20,0,0,0,0,0,9.1,0,-3,0,43,3,0,0,0,1,0,2,0,5,0.1,13005,0,185,0,0,1025,0,0,0,125,
Ben,Watson,MID,WAT,4200000,0,1,0.009009009,2.15E-09,2.38E-07,0,72105,0,2,0,0,0,0,0,0.2,0,-3,0,1,3,0,0,0,0,0,0,0,0,0.6,23610,0,351,0,0,54,0,0,1,6,
James,Weir,MID,HUL,4300000,0,0,0,0,0,0,745,0,0,0,0,0,0,0,0,0,-2,0,0,2,0,0,0,0,0,0,0,0,0,802,0,0,0,0,0,0,0,0,0,
Danny,Welbeck,FWD,ARS,7300000,8,37,2.3,3.15E-07,5.07E-06,0,54873,0,11,0,0,0,2,0,5.1,0,-2,0,37,2,0,0,0,0,0,3,0,2,0.8,81846,0,164,0,0,748,0,0,0,117,
Ashley,Westwood,MID,BUR,4500000,1,13,0.117117117,2.60E-08,2.89E-06,0,193,3,9,0,0,0,0,0,2.9,0,0,0,13,0,0,0,0,0,0,1,0,0,0,357,0,0,0,0,551,0,0,0,68,
Glenn,Whelan,MID,STK,4200000,2,62,2.1,5.00E-07,1.48E-05,0,53972,5,40,0,0,0,0,0,14.8,0,-3,0,62,3,0,0,0,3,0,7,0,1,0.7,42775,1,432,0,0,2276,0,0,0,380,
Connor,Wickham,FWD,CRY,5500000,0,18,2.3,4.18E-07,3.27E-06,0,51741,1,6,0,0,0,2,0,3.3,0,-5,0,18,5,0,0,0,0,0,0,0,0,0.3,14609,0,225,0,0,412,0,0,0,59,
Georginio,Wijnaldum,MID,LIV,7500000,14,149,4.1,5.47E-07,1.99E-05,0,162394,2,37,0,0,0,6,0,19.9,0,-5,0,149,5,0,0,0,14,0,11,0,9,1.7,79127,0,630,0,2,2974,0,0,0,650,
Ashley,Williams,DEF,EVE,5200000,0,127,3.5,6.73E-07,2.44E-05,0,496130,7,40,0,0,0,1,0,24.4,0,2,0,127,-2,0,0,0,9,0,13,0,3,8.7,540492,0,487,0,2,3160,0,0,1,739,
Jonathan,Williams,MID,CRY,4500000,0,0,0,0,0,0,1230,0,0,0,0,0,0,0,0,0,0,0,0,0,0,0,0,0,0,0,0,0,0,280,0,1,0,0,0,0,0,0,0,
,Willian,MID,CHE,7000000,7,114,1.027027027,1.47E-07,1.63E-05,0,488979,3,19,0,0,0,8,0,16.3,0,-5,0,114,5,0,0,0,13,0,6,0,3,3.5,249225,0,512,0,4,1534,0,0,0,441,
Matthew,Willock,MID,MUN,4500000,0,0,0,0,0,0,67,0,0,0,0,0,0,0,0,0,0,0,0,0,0,0,0,0,0,0,0,0,0,219,0,0,0,0,0,0,0,0,0,
Jack,Wilshere,MID,BOU,5800000,0,61,2.1,3.62E-07,1.05E-05,0,81937,4,45,0,0,0,0,0,10.5,0,-2,0,61,2,0,0,0,2,0,5,0,3,0.5,82762,0,18,0,0,1950,0,0,0,312,
Harry,Wilson,MID,LIV,4500000,0,0,0,0,0,0,107,0,0,0,0,0,0,0,0,0,0,0,0,0,0,0,0,0,0,0,0,0,0,160,0,0,0,0,0,0,0,0,0,
James,Wilson,FWD,MUN,5000000,0,0,0,0,0,0,3581,0,0,0,0,0,0,0,0,0,0,0,0,0,0,0,0,0,0,0,0,0,0.1,828,0,1,0,0,0,0,0,0,0,
Kane,Wilson,DEF,WBA,4000000,0,0,0,0,0,0,16225,0,0,0,0,0,0,0,0,0,0,0,0,0,0,0,0,0,0,0,0,0,0.4,23198,0,0,0,0,0,0,0,0,0,
Kevin,Wimmer,DEF,TOT,4500000,0,2,0.018018018,4.00E-09,4.44E-07,0,11817,3,4,0,0,0,0,0,0.4,0,-5,0,2,5,0,0,0,0,0,0,0,0,0.1,7624,1,131,0,0,357,0,0,0,26,
Harry,Winks,MID,TOT,4500000,0,30,1.4,3.11E-07,6.67E-06,0,6856,1,6,0,0,0,1,0,6.7,0,0,0,30,0,0,0,0,0,0,0,0,1,0,7322,0,0,0,0,494,0,0,0,141,
Philipp,Wollscheid,DEF,STK,4500000,0,1,0.5,1.11E-07,2.22E-07,0,43812,1,5,0,0,0,0,0,0.2,0,0,0,1,0,0,0,0,0,0,0,0,0,0.2,851,0,330,0,0,180,0,0,0,23,
Ben,Woodburn,MID,LIV,4300000,0,5,0.045045045,1.05E-08,1.16E-06,0,1163,0,1,0,0,0,0,0,1.2,0,-2,0,5,2,0,0,0,0,0,0,0,0,0,1524,0,0,0,0,86,0,0,0,14,
Matthew,Worthington,MID,BOU,4500000,1,1,0.009009009,2.00E-09,2.22E-07,0,0,0,0,0,0,0,0,0,0.2,0,0,0,1,0,0,0,0,0,0,0,0,0,0,0,0,0,0,0,17,0,0,0,3,
Ben,Wynter,DEF,CRY,4000000,0,0,0,0,0,0,6584,0,0,0,0,0,0,0,0,0,0,0,0,0,0,0,0,0,0,0,0,0,0.1,9129,0,0,0,0,0,0,0,0,0,
Granit,Xhaka,MID,ARS,5200000,2,85,2.7,5.19E-07,1.63E-05,0,273981,5,32,0,0,0,2,0,16.3,0,-3,0,85,3,0,0,0,7,0,10,0,3,3.2,134586,0,0,0,1,2483,0,0,2,506,
Claudio,Yacob,MID,WBA,4300000,2,54,1.6,3.72E-07,1.26E-05,0,13310,9,36,0,0,0,0,0,12.6,0,-2,0,54,2,0,0,0,0,0,4,0,0,0.2,10457,0,286,0,0,2418,0,0,0,366,
,Yaya Toure,MID,MCI,7200000,3,86,0.774774775,1.08E-07,1.19E-05,0,185727,4,17,0,0,0,5,0,11.9,0,-8,0,86,8,0,0,0,6,0,12,0,0,1,143190,0,525,0,2,1941,0,0,0,422,
DeAndre,Yedlin,DEF,TOT,4400000,0,0,0,0,0,0,14284,0,0,0,0,0,0,0,0,0,-1,0,0,1,0,0,0,0,0,0,0,0,0.2,496,0,227,0,0,0,0,0,0,0,
Maya,Yoshida,DEF,SOU,4500000,2,78,3.4,7.56E-07,1.73E-05,0,63196,2,32,0,0,0,1,0,17.3,0,0,0,78,0,0,0,0,8,0,7,0,1,5.9,303257,0,152,0,1,2070,0,0,0,469,
Ashley,Young,MID,MUN,5000000,0,26,2.2,4.40E-07,5.20E-06,0,6205,2,6,0,0,0,0,0,5.2,0,-5,0,26,5,0,0,0,1,0,4,0,1,0.1,4466,0,178,0,0,760,0,0,0,154,
Pablo,Zabaleta,DEF,MCI,4700000,0,45,0.405405405,8.63E-08,9.57E-06,0,91419,2,18,0,0,0,1,0,9.6,0,-3,0,45,3,0,0,0,5,0,2,0,1,1.2,60996,0,152,0,1,1065,0,0,0,230,
Wilfried,Zaha,MID,CRY,5800000,2,149,4.3,7.41E-07,2.57E-05,0,1118112,8,56,0,0,0,7,0,25.7,0,3,0,149,-3,0,0,0,13,0,7,0,11,11.9,1509710,0,353,0,4,3019,0,0,0,481,
Mauro,Zarate,FWD,WAT,5200000,0,8,2.7,5.19E-07,1.54E-06,0,2678,0,3,0,0,0,0,0,1.5,0,-3,0,8,3,0,0,0,0,0,0,0,1,0,2873,0,0,0,0,204,0,0,0,27,
Simone,Zaza,FWD,WHU,6000000,0,10,1.3,2.17E-07,1.67E-06,0,45101,2,14,0,0,0,0,0,1.7,0,-10,0,10,10,0,0,0,0,0,2,0,0,0.1,44581,0,0,0,0,459,0,0,0,21,
Ron-Robert,Zieler,GLK,LEI,4400000,0,17,0.153153153,3.48E-08,3.86E-06,0,17126,0,16,0,18,0,0,0,3.9,0,-1,0,17,1,0,0,0,0,0,1,0,0,0.3,13381,0,0,0,0,754,0,0,0,119,
Oleksandr,Zinchenko,MID,MCI,5300000,0,0,0,0,0,0,2407,0,0,0,0,0,0,0,0,0,-2,0,0,2,0,0,0,0,0,0,0,0,0,180,0,0,0,0,0,0,0,0,0,
Kurt,Zouma,DEF,CHE,5300000,0,15,0.135135135,2.55E-08,2.83E-06,0,8545,0,8,0,0,0,0,0,2.8,0,-2,0,15,2,0,0,0,3,0,0,0,1,0.3,4877,0,185,0,0,250,0,0,0,69,
Juan,Zuniga,DEF,WAT,4100000,0,38,0.342342342,8.35E-08,9.27E-06,0,125112,1,15,0,0,0,1,0,9.3,0,-4,0,38,4,0,0,0,2,0,1,0,1,1.1,128130,0,0,0,1,823,0,0,0,173,
